-- -------------------------------------------------------------
-- TablePlus 5.9.6(547)
--
-- https://tableplus.com/
--
-- Database: anwesenheitserfassung
-- Generation Time: 2024-04-09 14:23:27.6370
-- -------------------------------------------------------------


/*!40101 SET @OLD_CHARACTER_SET_CLIENT=@@CHARACTER_SET_CLIENT */;
/*!40101 SET @OLD_CHARACTER_SET_RESULTS=@@CHARACTER_SET_RESULTS */;
/*!40101 SET @OLD_COLLATION_CONNECTION=@@COLLATION_CONNECTION */;
/*!40101 SET NAMES utf8mb4 */;
/*!40014 SET @OLD_UNIQUE_CHECKS=@@UNIQUE_CHECKS, UNIQUE_CHECKS=0 */;
/*!40014 SET @OLD_FOREIGN_KEY_CHECKS=@@FOREIGN_KEY_CHECKS, FOREIGN_KEY_CHECKS=0 */;
/*!40101 SET @OLD_SQL_MODE=@@SQL_MODE, SQL_MODE='NO_AUTO_VALUE_ON_ZERO' */;
/*!40111 SET @OLD_SQL_NOTES=@@SQL_NOTES, SQL_NOTES=0 */;


CREATE TABLE `ausweis` (
  `rfid_snr` varchar(36) NOT NULL,
  `kennung` varchar(255) NOT NULL,
  `aktiv` tinyint(1) NOT NULL,
  `fremdausweis` tinyint(1) NOT NULL,
  `eigenausweis_rfid_snr` varchar(36) DEFAULT NULL,
  `eigenausweis_kennung` varchar(255) DEFAULT NULL,
  `person_id` varchar(36) DEFAULT NULL,
  PRIMARY KEY (`rfid_snr`,`kennung`),
  KEY `fk_ausweis_person_id` (`person_id`),
  KEY `fk_ausweis-ausweis` (`eigenausweis_rfid_snr`,`eigenausweis_kennung`),
  CONSTRAINT `fk_ausweis-ausweis` FOREIGN KEY (`eigenausweis_rfid_snr`, `eigenausweis_kennung`) REFERENCES `ausweis` (`rfid_snr`, `kennung`),
  CONSTRAINT `fk_ausweis_person_id` FOREIGN KEY (`person_id`) REFERENCES `person` (`id`)
) ENGINE=InnoDB DEFAULT CHARSET=utf8mb4 COLLATE=utf8mb4_0900_ai_ci;

CREATE TABLE `benutzer` (
  `id` varchar(36) NOT NULL,
  `benutzername` varchar(100) NOT NULL,
  `passwort` varchar(100) NOT NULL,
  `berechtigungen` varchar(255) DEFAULT NULL,
  `person_id` varchar(36) DEFAULT NULL,
  PRIMARY KEY (`id`),
  UNIQUE KEY `benutzername` (`benutzername`)
) ENGINE=InnoDB DEFAULT CHARSET=utf8mb4 COLLATE=utf8mb4_0900_ai_ci;

CREATE TABLE `berechtigte_ausweis_termin` (
  `termin_id` varchar(36) NOT NULL,
  `ausweis_rfid_snr` varchar(255) NOT NULL,
  `ausweis_kennung` varchar(255) NOT NULL,
  PRIMARY KEY (`termin_id`,`ausweis_rfid_snr`,`ausweis_kennung`),
  KEY `fk_berechtigte_ausweis_termin_ausweis` (`ausweis_rfid_snr`,`ausweis_kennung`),
  CONSTRAINT `fk_berechtigte_ausweis_termin_ausweis` FOREIGN KEY (`ausweis_rfid_snr`, `ausweis_kennung`) REFERENCES `ausweis` (`rfid_snr`, `kennung`),
  CONSTRAINT `fk_berechtigte_ausweis_termin_termin` FOREIGN KEY (`termin_id`) REFERENCES `termin` (`id`)
) ENGINE=InnoDB DEFAULT CHARSET=utf8mb4 COLLATE=utf8mb4_0900_ai_ci;

CREATE TABLE `berechtigte_ausweis_veranstaltung` (
  `veranstaltung_id` varchar(36) NOT NULL,
  `ausweis_rfid_snr` varchar(255) NOT NULL,
  `ausweis_kennung` varchar(255) NOT NULL,
  PRIMARY KEY (`veranstaltung_id`,`ausweis_rfid_snr`,`ausweis_kennung`),
  KEY `fk_berechtigte_ausweis_veranstaltung_ausweis` (`ausweis_rfid_snr`,`ausweis_kennung`),
  CONSTRAINT `fk_berechtigte_ausweis_veranstaltung_ausweis` FOREIGN KEY (`ausweis_rfid_snr`, `ausweis_kennung`) REFERENCES `ausweis` (`rfid_snr`, `kennung`),
  CONSTRAINT `fk_berechtigte_ausweis_veranstaltung_veranstaltung` FOREIGN KEY (`veranstaltung_id`) REFERENCES `veranstaltung` (`id`)
) ENGINE=InnoDB DEFAULT CHARSET=utf8mb4 COLLATE=utf8mb4_0900_ai_ci;

CREATE TABLE `berechtigte_person_termin` (
  `termin_id` varchar(36) NOT NULL,
  `person_id` varchar(36) NOT NULL,
  PRIMARY KEY (`termin_id`,`person_id`),
  KEY `fk_berechtigte_person_termin_person` (`person_id`),
  CONSTRAINT `fk_berechtigte_person_termin_person` FOREIGN KEY (`person_id`) REFERENCES `person` (`id`),
  CONSTRAINT `fk_berechtigte_person_termin_termin` FOREIGN KEY (`termin_id`) REFERENCES `termin` (`id`)
) ENGINE=InnoDB DEFAULT CHARSET=utf8mb4 COLLATE=utf8mb4_0900_ai_ci;

CREATE TABLE `berechtigte_person_veranstaltung` (
  `veranstaltung_id` varchar(36) NOT NULL,
  `person_id` varchar(36) NOT NULL,
  PRIMARY KEY (`veranstaltung_id`,`person_id`),
  KEY `fk_berechtigte_person_veranstaltung_person` (`person_id`),
  CONSTRAINT `fk_berechtigte_person_veranstaltung_person` FOREIGN KEY (`person_id`) REFERENCES `person` (`id`),
  CONSTRAINT `fk_berechtigte_person_veranstaltung_veranstaltung` FOREIGN KEY (`veranstaltung_id`) REFERENCES `veranstaltung` (`id`)
) ENGINE=InnoDB DEFAULT CHARSET=utf8mb4 COLLATE=utf8mb4_0900_ai_ci;

CREATE TABLE `DATABASECHANGELOG` (
  `ID` varchar(255) NOT NULL,
  `AUTHOR` varchar(255) NOT NULL,
  `FILENAME` varchar(255) NOT NULL,
  `DATEEXECUTED` datetime NOT NULL,
  `ORDEREXECUTED` int NOT NULL,
  `EXECTYPE` varchar(10) NOT NULL,
  `MD5SUM` varchar(35) DEFAULT NULL,
  `DESCRIPTION` varchar(255) DEFAULT NULL,
  `COMMENTS` varchar(255) DEFAULT NULL,
  `TAG` varchar(255) DEFAULT NULL,
  `LIQUIBASE` varchar(20) DEFAULT NULL,
  `CONTEXTS` varchar(255) DEFAULT NULL,
  `LABELS` varchar(255) DEFAULT NULL,
  `DEPLOYMENT_ID` varchar(10) DEFAULT NULL
) ENGINE=InnoDB DEFAULT CHARSET=utf8mb4 COLLATE=utf8mb4_0900_ai_ci;

CREATE TABLE `DATABASECHANGELOGLOCK` (
  `ID` int NOT NULL,
  `LOCKED` tinyint(1) NOT NULL,
  `LOCKGRANTED` datetime DEFAULT NULL,
  `LOCKEDBY` varchar(255) DEFAULT NULL,
  PRIMARY KEY (`ID`)
) ENGINE=InnoDB DEFAULT CHARSET=utf8mb4 COLLATE=utf8mb4_0900_ai_ci;

CREATE TABLE `erfassung_ausweis` (
  `id` varchar(36) NOT NULL,
  `termin_id` varchar(36) NOT NULL,
  `ausweis_rfid_snr` varchar(255) NOT NULL,
  `ausweis_kennung` varchar(255) NOT NULL,
  `zeitpunkt` datetime NOT NULL,
  `raum_id` varchar(36) DEFAULT NULL,
  PRIMARY KEY (`id`),
  KEY `fk_erfassung_ausweis_termin` (`termin_id`),
  KEY `fk_erfassung_ausweis_raum` (`raum_id`),
  KEY `fk_erfassung_ausweis_ausweis` (`ausweis_rfid_snr`,`ausweis_kennung`),
  CONSTRAINT `fk_erfassung_ausweis_ausweis` FOREIGN KEY (`ausweis_rfid_snr`, `ausweis_kennung`) REFERENCES `ausweis` (`rfid_snr`, `kennung`),
  CONSTRAINT `fk_erfassung_ausweis_raum` FOREIGN KEY (`raum_id`) REFERENCES `raum` (`id`),
  CONSTRAINT `fk_erfassung_ausweis_termin` FOREIGN KEY (`termin_id`) REFERENCES `termin` (`id`)
) ENGINE=InnoDB DEFAULT CHARSET=utf8mb4 COLLATE=utf8mb4_0900_ai_ci;

CREATE TABLE `erfassung_person` (
  `id` varchar(36) NOT NULL,
  `termin_id` varchar(36) NOT NULL,
  `person_id` varchar(36) NOT NULL,
  `zeitpunkt` datetime NOT NULL,
  `raum_id` varchar(36) DEFAULT NULL,
  PRIMARY KEY (`id`),
  KEY `fk_erfassung_person_raum` (`raum_id`),
  KEY `fk_erfassung_person_termin` (`termin_id`),
  KEY `fk_erfassung_person_person` (`person_id`),
  CONSTRAINT `fk_erfassung_person_person` FOREIGN KEY (`person_id`) REFERENCES `person` (`id`),
  CONSTRAINT `fk_erfassung_person_raum` FOREIGN KEY (`raum_id`) REFERENCES `raum` (`id`),
  CONSTRAINT `fk_erfassung_person_termin` FOREIGN KEY (`termin_id`) REFERENCES `termin` (`id`)
) ENGINE=InnoDB DEFAULT CHARSET=utf8mb4 COLLATE=utf8mb4_0900_ai_ci;

CREATE TABLE `person` (
  `id` varchar(36) NOT NULL,
  `vorname` varchar(100) NOT NULL,
  `nachname` varchar(100) NOT NULL,
  `kennung` varchar(255) NOT NULL,
  `archiv` tinyint(1) NOT NULL,
  PRIMARY KEY (`id`),
  UNIQUE KEY `kennung` (`kennung`)
) ENGINE=InnoDB DEFAULT CHARSET=utf8mb4 COLLATE=utf8mb4_0900_ai_ci;

CREATE TABLE `raum` (
  `id` varchar(36) NOT NULL,
  `bezeichnung` varchar(100) NOT NULL,
  `kennung` varchar(255) NOT NULL,
  `archiv` tinyint(1) NOT NULL,
  PRIMARY KEY (`id`),
  UNIQUE KEY `kennung` (`kennung`)
) ENGINE=InnoDB DEFAULT CHARSET=utf8mb4 COLLATE=utf8mb4_0900_ai_ci;

CREATE TABLE `raum_termin` (
  `raum_id` varchar(36) NOT NULL,
  `termin_id` varchar(255) NOT NULL,
  PRIMARY KEY (`raum_id`,`termin_id`),
  KEY `fk_raum_termin_termin` (`termin_id`),
  CONSTRAINT `fk_raum_termin_raum` FOREIGN KEY (`raum_id`) REFERENCES `raum` (`id`),
  CONSTRAINT `fk_raum_termin_termin` FOREIGN KEY (`termin_id`) REFERENCES `termin` (`id`)
) ENGINE=InnoDB DEFAULT CHARSET=utf8mb4 COLLATE=utf8mb4_0900_ai_ci;

CREATE TABLE `teilnehmende_ausweis_termin` (
  `termin_id` varchar(36) NOT NULL,
  `ausweis_rfid_snr` varchar(255) NOT NULL,
  `ausweis_kennung` varchar(255) NOT NULL,
  PRIMARY KEY (`termin_id`,`ausweis_rfid_snr`,`ausweis_kennung`),
  KEY `fk_teilnehmende_ausweis_termin_ausweis` (`ausweis_rfid_snr`,`ausweis_kennung`),
  CONSTRAINT `fk_teilnehmende_ausweis_termin_ausweis` FOREIGN KEY (`ausweis_rfid_snr`, `ausweis_kennung`) REFERENCES `ausweis` (`rfid_snr`, `kennung`),
  CONSTRAINT `fk_teilnehmende_ausweis_termin_termin` FOREIGN KEY (`termin_id`) REFERENCES `termin` (`id`)
) ENGINE=InnoDB DEFAULT CHARSET=utf8mb4 COLLATE=utf8mb4_0900_ai_ci;

CREATE TABLE `teilnehmende_ausweis_veranstaltung` (
  `veranstaltung_id` varchar(36) NOT NULL,
  `ausweis_rfid_snr` varchar(255) NOT NULL,
  `ausweis_kennung` varchar(255) NOT NULL,
  PRIMARY KEY (`veranstaltung_id`,`ausweis_rfid_snr`,`ausweis_kennung`),
  KEY `fk_teilnehmende_ausweis_veranstaltung_ausweis` (`ausweis_rfid_snr`,`ausweis_kennung`),
  CONSTRAINT `fk_teilnehmende_ausweis_veranstaltung_ausweis` FOREIGN KEY (`ausweis_rfid_snr`, `ausweis_kennung`) REFERENCES `ausweis` (`rfid_snr`, `kennung`),
  CONSTRAINT `fk_teilnehmende_ausweis_veranstaltung_veranstaltung` FOREIGN KEY (`veranstaltung_id`) REFERENCES `veranstaltung` (`id`)
) ENGINE=InnoDB DEFAULT CHARSET=utf8mb4 COLLATE=utf8mb4_0900_ai_ci;

CREATE TABLE `teilnehmende_person_termin` (
  `termin_id` varchar(36) NOT NULL,
  `person_id` varchar(36) NOT NULL,
  PRIMARY KEY (`termin_id`,`person_id`),
  KEY `fk_teilnehmende_person_termin_ausweis` (`person_id`),
  CONSTRAINT `fk_teilnehmende_person_termin_ausweis` FOREIGN KEY (`person_id`) REFERENCES `person` (`id`),
  CONSTRAINT `fk_teilnehmende_person_termin_termin` FOREIGN KEY (`termin_id`) REFERENCES `termin` (`id`)
) ENGINE=InnoDB DEFAULT CHARSET=utf8mb4 COLLATE=utf8mb4_0900_ai_ci;

CREATE TABLE `teilnehmende_person_veranstaltung` (
  `veranstaltung_id` varchar(36) NOT NULL,
  `person_id` varchar(36) NOT NULL,
  PRIMARY KEY (`veranstaltung_id`,`person_id`),
  KEY `fk_teilnehmende_person_veranstaltung_ausweis` (`person_id`),
  CONSTRAINT `fk_teilnehmende_person_veranstaltung_ausweis` FOREIGN KEY (`person_id`) REFERENCES `person` (`id`),
  CONSTRAINT `fk_teilnehmende_person_veranstaltung_veranstaltung` FOREIGN KEY (`veranstaltung_id`) REFERENCES `veranstaltung` (`id`)
) ENGINE=InnoDB DEFAULT CHARSET=utf8mb4 COLLATE=utf8mb4_0900_ai_ci;

CREATE TABLE `termin` (
  `id` varchar(36) NOT NULL,
  `kennung` varchar(255) NOT NULL,
  `start` datetime NOT NULL,
  `ende` datetime NOT NULL,
  `veranstaltung_id` varchar(36) NOT NULL,
  `erfassung_start` datetime DEFAULT NULL,
  PRIMARY KEY (`id`),
  UNIQUE KEY `kennung` (`kennung`),
  KEY `fk_termin_veranstaltung` (`veranstaltung_id`),
  CONSTRAINT `fk_termin_veranstaltung` FOREIGN KEY (`veranstaltung_id`) REFERENCES `veranstaltung` (`id`)
) ENGINE=InnoDB DEFAULT CHARSET=utf8mb4 COLLATE=utf8mb4_0900_ai_ci;

CREATE TABLE `veranstaltung` (
  `id` varchar(36) NOT NULL,
  `name` varchar(255) NOT NULL,
  `kennung` varchar(255) NOT NULL,
  `erlaube_fremdausweis` tinyint(1) NOT NULL,
  `fremdausweis_bestaetigen` tinyint(1) NOT NULL,
  `ein_ausgehende_buchungen` tinyint(1) NOT NULL,
  `mehrfach_buchungen` tinyint(1) NOT NULL,
  `archiv` tinyint(1) NOT NULL,
  PRIMARY KEY (`id`),
  UNIQUE KEY `kennung` (`kennung`)
) ENGINE=InnoDB DEFAULT CHARSET=utf8mb4 COLLATE=utf8mb4_0900_ai_ci;

INSERT INTO `ausweis` (`rfid_snr`, `kennung`, `aktiv`, `fremdausweis`, `eigenausweis_rfid_snr`, `eigenausweis_kennung`, `person_id`) VALUES
('03:83:5B:80', 'A5', 1, 0, NULL, NULL, 'b42dc4f6-4301-42c3-ad51-7ec7965d16a8'),
('03:DC:5C:80', 'A31', 1, 0, NULL, NULL, '289bfbde-be31-4dd2-bdeb-c9c8e0dfdb01'),
('04:2A:6A:0A:85:4C:80', 'A86', 1, 0, NULL, NULL, '4d5b3ceb-34ff-499d-9dd0-420714ac5196'),
('04:49:17:63', 'ADM1', 1, 0, NULL, NULL, 'b63f1ba6-d0ff-4c37-82cb-9f01dabdd0b6'),
('04:7D:73:1A:85:4C:80', 'A87', 1, 0, NULL, NULL, '84d7673e-3041-41f4-b804-d1ee4dc516c9'),
('05:80:1D:D3:BA:62:00', 'fd808d26-1265-452a-8269-51a49191f725', 1, 1, '73:B6:76:80', 'A11', '4cb97265-fe20-4f4d-951b-a85c24384721'),
('05:8D:B2:C1:AB:C2:00', '7fffcae1-316f-4790-84ce-982167a718b2', 1, 1, NULL, NULL, 'c130bdf6-83cc-4c05-aa36-166b254bf74a'),
('13:A4:42:80', 'A38', 1, 0, NULL, NULL, '75a6b66d-06ea-4b44-9267-4dbe90d9c6f9'),
('13:CB:E6:80', 'A91', 1, 0, NULL, NULL, '383cfc0c-7b65-49d5-90ef-81cb8d97fd36'),
('17:FD:93:80', 'A98', 1, 0, NULL, NULL, NULL),
('18:9D:4F:80', 'A21', 1, 0, NULL, NULL, '7e1f6308-551e-459c-b128-e077c2cef2e7'),
('1B:67:5E:80', 'A60', 1, 0, NULL, NULL, 'd17bba28-195c-4d7d-8b55-34bf604284cb'),
('1F:4C:22:80', 'A74', 1, 0, NULL, NULL, 'b9c80e37-a537-49d2-8420-d52487e67277'),
('21:E6:ED:80', 'A77', 1, 0, NULL, NULL, 'b4bcb6a5-4717-45a9-bcd6-8582462bbe18'),
('23:7A:90:80', 'A32', 1, 0, NULL, NULL, '2513cef2-11bb-437d-989f-624557850e20'),
('25:AA:1F:80', 'A6', 1, 0, NULL, NULL, '3a645b51-8c77-4989-9704-d78f9d360b37'),
('28:94:AB:80', 'A47', 1, 0, NULL, NULL, 'c14871d9-9bb2-4821-9684-f5240077de7b'),
('29:E7:A7:80', 'A95', 1, 0, NULL, NULL, NULL),
('2A:7F:B9:80', 'A66', 1, 0, NULL, NULL, '2ddf6531-6696-46cf-b244-e14e90f1626d'),
('2F:AB:2E:80', 'A82', 1, 0, NULL, NULL, '203c947c-fc98-46b2-8713-a5c08d6ff3e7'),
('33:46:75:80', 'A7', 1, 0, NULL, NULL, '46305be4-5e75-43ab-9c59-8254467fc105'),
('35:48:49:80', 'A58', 1, 0, NULL, NULL, '5d89cbc5-9858-47b2-937b-9eaadd834203'),
('39:9A:05:80', 'A80', 1, 0, NULL, NULL, '23be50e8-a63b-4ae3-83f5-a1bfbd5c8e55'),
('3A:2B:24:80', 'A41', 1, 0, NULL, NULL, 'f3c3c6eb-b2cf-4981-8444-ec1b868bd616'),
('3C:BC:1A:80', 'A70', 1, 0, NULL, NULL, '81e980d7-4aba-4a8f-9dde-9cae58972f9c'),
('3F:66:9D:80', 'A18', 1, 0, NULL, NULL, '13e1e382-358c-4b6c-a611-26bdeb3234e5'),
('43:05:47:80', 'A3', 1, 0, NULL, NULL, 'c130bdf6-83cc-4c05-aa36-166b254bf74a'),
('43:3D:4C:80', 'A2', 1, 0, NULL, NULL, '512aad6d-cc43-40ec-a644-a128beda5956'),
('44:EA:C7:80', 'A85', 1, 0, NULL, NULL, '08db938e-a773-4e78-a0bf-5dd74bfdaae8'),
('46:F7:9F:80', 'A43', 1, 0, NULL, NULL, '8e52b383-d2de-41ee-93df-3b6acef468c6'),
('49:7F:18:80', 'A92', 1, 0, NULL, NULL, '65786d80-e926-46d0-9cac-d880a962029e'),
('4A:AA:0F:80', 'A68', 1, 0, NULL, NULL, '101aa6f0-d006-48ca-82b9-d3d16d628573'),
('4D:D8:59:80', 'A62', 1, 0, NULL, NULL, '7bcb27df-5197-4fff-9fe9-5e799b9194f6'),
('4E:1A:12:80', 'A20', 1, 0, NULL, NULL, '41206e05-ea63-46ad-8d18-ea1d53b09894'),
('51:EF:15:80', 'A40', 1, 0, NULL, NULL, '22ee2752-93d7-43a1-aa3d-5dde540f9d6f'),
('57:31:C3:80', 'A52', 1, 0, NULL, NULL, 'ab480d8d-7fb4-481a-90f8-923c236e1fc5'),
('58:9B:31:80', 'A71', 1, 0, NULL, NULL, 'cc59c189-7a71-4632-92ad-e14e7df79c25'),
('5B:78:F2:80', 'A24', 1, 0, NULL, NULL, 'd9d7d2a8-8678-4d40-92e2-009d7c17c3ab'),
('5C:76:3D:80', 'A88', 1, 0, NULL, NULL, '64ab17e1-b197-4680-9614-7a61b39ebd91'),
('5E:34:1C:80', 'A46', 1, 0, NULL, NULL, 'a403f082-8cf2-47d7-8fbe-a2db0fba90a3'),
('61:EE:A8:80', 'A36', 1, 0, NULL, NULL, 'e972cc21-052c-48b9-86af-171738825388'),
('65:37:8B:80', 'A76', 1, 0, NULL, NULL, '42be4995-8100-4582-85a8-1e36b2f11780'),
('69:58:60:80', 'A49', 1, 0, NULL, NULL, 'a8ba69bb-e000-4c00-885d-c66ca952c042'),
('6A:7B:26:80', 'A56', 1, 0, NULL, NULL, 'ba3dcb33-6911-4715-af24-f3b5319c129c'),
('6B:FA:CD:80', 'A9', 1, 0, NULL, NULL, '52233d17-99b9-496c-a725-4b6f142a974e'),
('6C:92:9C:80', 'A93', 1, 0, NULL, NULL, '33e6e7ad-8125-4ada-8509-996f49452a72'),
('6D:44:66:80', 'A22', 1, 0, NULL, NULL, 'a83e014a-8663-4322-a008-4fefa4c1d8f1'),
('73:B6:76:80', 'A11', 1, 0, NULL, NULL, '4cb97265-fe20-4f4d-951b-a85c24384721'),
('73:DA:7B:80', 'A27', 1, 0, NULL, NULL, 'b8b2f52b-0e0a-4de4-a0de-bb604bab160b'),
('75:E5:B6:80', 'A33', 1, 0, NULL, NULL, '7dbb01e6-cbd8-4b87-a96a-e07f718990b1'),
('7A:28:B1:80', 'A83', 1, 0, NULL, NULL, '5780c6db-480d-4c65-8ba6-04c16f8b5aa8'),
('7A:F4:A9:42', 'A10', 1, 0, NULL, NULL, '4a92956f-cbf0-44b1-8ac3-06867449aae9'),
('7B:EC:47:80', 'A65', 1, 0, NULL, NULL, '2d57c070-c18b-4b4a-bb0a-a7de49f7f679'),
('7C:38:55:80', 'A19', 1, 0, NULL, NULL, '9ab7c536-2103-4aa4-87ca-28e3e58213ad'),
('7D:16:CB:80', 'A67', 1, 0, NULL, NULL, '40d81b4c-812e-4a7f-8143-b0710b998cf9'),
('82:F9:8D:80', 'A54', 1, 0, NULL, NULL, '32d2ff50-c9e1-467f-9954-fdc925fd9aae'),
('83:88:77:80', 'A1', 1, 0, NULL, NULL, 'dcd4afcc-9380-40ae-abfa-fa4533421ba7'),
('83:8B:14:80', 'A90', 1, 0, NULL, NULL, '12ed0568-3fd5-4bbe-8fc3-7f152d86c2a2'),
('87:AF:DD:80', 'A17', 1, 0, NULL, NULL, '9a93d922-0269-4b86-a9e9-40e4c07587ba'),
('88:35:FA:80', 'A26', 1, 0, NULL, NULL, NULL),
('8B:FA:7D:80', 'A73', 1, 0, NULL, NULL, '697cf7d6-9612-48d7-b21a-f9591decd77c'),
('8F:D3:A5:80', 'A44', 1, 0, NULL, NULL, NULL),
('96:26:E3:80', 'A63', 1, 0, NULL, NULL, '5b904058-7020-4f59-bb8a-f90e9968c025'),
('97:82:D9:80', 'A39', 1, 0, NULL, NULL, '81c70b6c-4a32-4f8e-a407-d4945e4c6e97'),
('9A:2C:7E:80', 'A8', 1, 0, NULL, NULL, NULL),
('9B:5E:61:80', 'A97', 1, 0, NULL, NULL, NULL),
('9C:8D:7A:80', 'A28', 1, 0, NULL, NULL, 'c259d5ce-616a-4b58-a2fc-2084e6100ee9'),
('9D:85:48:80', 'A75', 1, 0, NULL, NULL, '1f6c61b8-8240-4252-8f2f-0edc31a77f2d'),
('9E:AC:F3:80', 'A51', 1, 0, NULL, NULL, '75469fa7-4020-4eb7-b702-eeea086de4b6'),
('A2:5F:BE:80', 'A14', 1, 0, NULL, NULL, '14b06cad-c13b-48f2-a318-40bb57759235'),
('A3:C2:99:80', 'A59', 1, 0, NULL, NULL, '22f04445-e275-406d-bc2b-321b8fefd97f'),
('A6:5C:62:80', 'A42', 1, 0, NULL, NULL, NULL),
('A8:47:36:80', 'A99', 1, 0, NULL, NULL, NULL),
('A9:56:08:80', 'A30', 1, 0, NULL, NULL, 'cffe5b16-d4ba-4acc-b286-a7cbe2a992b8'),
('B1:10:EE:80', 'A100', 1, 0, NULL, NULL, NULL),
('B5:71:3F:80', 'A45', 1, 0, NULL, NULL, 'c4d9eb48-a4d1-41f4-a66a-cfaf8cac2061'),
('B6:14:F8:80', 'A79', 1, 0, NULL, NULL, '0460cd0f-aaef-44c4-9763-3d65d25b86aa'),
('C3:4A:86:80', 'A50', 1, 0, NULL, NULL, '9fe5c3c3-59a3-4760-bfeb-729060a6a7d8'),
('C4:2A:DF:80', 'A96', 1, 0, NULL, NULL, NULL),
('C5:85:74:80', 'A61', 1, 0, NULL, NULL, '50e7a97e-0fe1-46b2-a190-80d626326253'),
('C8:49:68:80', 'A34', 1, 0, NULL, NULL, '0a995a54-6423-42ed-8b68-63923146bc17'),
('C9:92:53:80', 'A16', 1, 0, NULL, NULL, '17e55e9a-e3b9-4a1e-a332-f1bfa08d4d4b'),
('D1:27:E7:80', 'A25', 1, 0, NULL, NULL, '3e3349d2-31c7-4580-b068-ecd1e3d5584d'),
('D5:62:9A:80', 'A12', 1, 0, NULL, NULL, 'eca36609-b8e3-4a39-9c4a-732f87e2fe2f'),
('D7:F5:40:80', 'A89', 1, 0, NULL, NULL, '4fb1e747-21c2-4d60-b727-426258db84ea'),
('D8:B9:2B:80', 'A53', 1, 0, NULL, NULL, 'fcc5078f-b5e9-4eb9-aac8-0d86a60fe057'),
('DA:7C:6A:80', 'A78', 1, 0, NULL, NULL, 'cd2e33d8-33ea-4624-ae9a-4fff77f5cf69'),
('DC:19:97:80', 'A37', 1, 0, NULL, NULL, '242337c5-320f-471d-a279-ebede5987955'),
('DE:D1:3A:80', 'A55', 1, 0, NULL, NULL, 'fe5d4ff6-6e48-453d-a2e2-694de35c3ab6'),
('E2:17:4A:80', 'A29', 1, 0, NULL, NULL, '8e89196b-b29f-4fbd-bc9d-6f8bb92c1646'),
('E3:13:FA:80', 'A64', 1, 0, NULL, NULL, '834b6d95-2376-49aa-a78e-28086a054bd1'),
('E3:AD:6C:80', 'A15', 1, 0, NULL, NULL, '2df0e3d1-a50b-4e06-95a9-e1ada74694b9'),
('E9:63:78:80', 'A81', 1, 0, NULL, NULL, NULL),
('EB:6E:81:80', 'A48', 1, 0, NULL, NULL, '63b1d334-0e23-407d-9dfd-62e2b885db9d'),
('EC:52:E5:80', 'A72', 1, 0, NULL, NULL, 'bcc44874-f40b-475f-9623-43ccb8373e30'),
('F2:6F:4D:80', 'A94', 1, 0, NULL, NULL, NULL),
('F3:ED:6B:80', 'A4', 1, 0, NULL, NULL, 'cf0e58a5-1854-4d58-aaa3-4844de72af15'),
('F4:2D:3C:80', 'A35', 1, 0, NULL, NULL, '4c009b7f-fcf3-45cf-946e-d593651c3c50'),
('F7:E0:71:80', 'A57', 1, 0, NULL, NULL, 'e9b1706e-ea32-49eb-ae46-ee8c2b8834ae'),
('F8:41:7C:80', 'A13', 1, 0, NULL, NULL, 'b8d6f347-779e-4a26-b503-a44554a28886'),
('F9:23:96:80', 'A69', 1, 0, NULL, NULL, 'ae890506-590d-442f-834d-f289ea4d134c'),
('FA:3E:A1:80', 'A23', 1, 0, NULL, NULL, '3f834456-19a1-459f-ac88-e7f1a59f652e'),
('FB:96:D6:80', 'A84', 1, 0, NULL, NULL, 'ccf8cc4c-087c-49ae-b5fd-ab24d6238f72');

INSERT INTO `benutzer` (`id`, `benutzername`, `passwort`, `berechtigungen`, `person_id`) VALUES
('0e302464-f58e-11ee-9141-0242ac130002', 'administrator', '$2a$10$WZmMXsTXGv/oOztwC8NPQe9oKSUfkYv/6yYJeu5WCf6zyl8m7mkSG', 'VERWALTUNG_GERAET;ADMINISTRATION', 'b63f1ba6-d0ff-4c37-82cb-9f01dabdd0b6'),
('0e30b1fa-f58e-11ee-9141-0242ac130002', 'api_extern', '$2a$10$T/DA4h11.pFI5fzBx8.WVO4dWzBqczTgktIDd0jIu2hsOiP.kY8Um', 'SCHNITTSTELLE_EXTERN', NULL),
('0e312e55-f58e-11ee-9141-0242ac130002', 'api_intern', '$2a$10$T/DA4h11.pFI5fzBx8.WVO4dWzBqczTgktIDd0jIu2hsOiP.kY8Um', 'SCHNITTSTELLE_INTERN', NULL),
('0e31afe5-f58e-11ee-9141-0242ac130002', 'verwaltung', '$2a$10$7lE8yZ98ChDk50PxiXmyJuPMM/DTNSeno2vx/L86jG7.hBy5A8PjK', 'VERWALTUNG_PERSONEN;VERWALTUNG_AUSWEISE;VERWALTUNG_RAEUME;VERWALTUNG_VERANSTALTUNGEN', NULL),
('1a204203-2a8a-47c6-a2ff-98aeb8e3bd60', 'jhoffmann', '$2a$10$6c0ceB/JgTGZ0twQ3f7p5OgVceArVm8mrBYKCFWzPNcl6HQli2Wnq', '', '84d7673e-3041-41f4-b804-d1ee4dc516c9'),
('ddc59c01-ef2f-4363-84f1-62fd16b40365', 'lbecker', '$2a$10$xlwbsJPYr0vcNJpPLO2ueOmbAcs472SuBaAYz029Ha/Io2rbdx8vG', '', '4d5b3ceb-34ff-499d-9dd0-420714ac5196');

INSERT INTO `berechtigte_person_veranstaltung` (`veranstaltung_id`, `person_id`) VALUES
('04879527-055f-4766-b412-f67fd6f22dcf', '84d7673e-3041-41f4-b804-d1ee4dc516c9'),
('05d952fa-9ca3-4dc2-a303-346c2288373e', '4d5b3ceb-34ff-499d-9dd0-420714ac5196'),
('05d952fa-9ca3-4dc2-a303-346c2288373e', '4fb1e747-21c2-4d60-b727-426258db84ea'),
('05d952fa-9ca3-4dc2-a303-346c2288373e', '84d7673e-3041-41f4-b804-d1ee4dc516c9'),
('06de7e5d-39ca-4cca-8f8d-1ae2fb86d63b', '84d7673e-3041-41f4-b804-d1ee4dc516c9'),
('10a9d702-585d-4205-9e79-18fede6d88db', '64ab17e1-b197-4680-9614-7a61b39ebd91'),
('140be3a7-e1c3-4497-9394-e0a5dd7c9cd9', '4fb1e747-21c2-4d60-b727-426258db84ea'),
('1855491d-b458-41ae-b9b8-240b2c03617b', '12ed0568-3fd5-4bbe-8fc3-7f152d86c2a2'),
('1a695850-83cf-4aac-bacf-b54566fe63fd', '4d5b3ceb-34ff-499d-9dd0-420714ac5196'),
('2c492d27-dc29-4b6d-944a-367e90a7e899', '4d5b3ceb-34ff-499d-9dd0-420714ac5196'),
('372fa62b-b1eb-45ea-a8f6-dc2ce2b69de8', '84d7673e-3041-41f4-b804-d1ee4dc516c9'),
('3e77175f-d321-49b4-907f-604952202330', '84d7673e-3041-41f4-b804-d1ee4dc516c9'),
('4b75e344-868a-4646-889c-06b0046fce2d', '4fb1e747-21c2-4d60-b727-426258db84ea'),
('70be2749-0578-4107-8997-e072462f0dc1', '4d5b3ceb-34ff-499d-9dd0-420714ac5196'),
('72a3a95f-e201-4579-84c6-5a9790ea386c', '4fb1e747-21c2-4d60-b727-426258db84ea'),
('9672e965-93bf-4dfb-b3e0-10bb53fe241d', '84d7673e-3041-41f4-b804-d1ee4dc516c9'),
('a2423782-327e-4e02-96ce-04f615dd2ebb', '84d7673e-3041-41f4-b804-d1ee4dc516c9'),
('a4c06a64-cb3f-4df9-924a-e43230432008', '4fb1e747-21c2-4d60-b727-426258db84ea'),
('a9d5a632-c520-4529-9718-fdbe206360e4', '84d7673e-3041-41f4-b804-d1ee4dc516c9'),
('aac24649-9be6-4f47-a7a1-1670471a17c1', '64ab17e1-b197-4680-9614-7a61b39ebd91'),
('bce97679-e307-4560-956e-703cc71e211d', '12ed0568-3fd5-4bbe-8fc3-7f152d86c2a2'),
('c1cc79dc-5e1f-4a68-b56b-a7481a1dc96e', '12ed0568-3fd5-4bbe-8fc3-7f152d86c2a2'),
('c3c1c4b8-325e-4b1e-8c09-d5836b108f0c', '84d7673e-3041-41f4-b804-d1ee4dc516c9'),
('c49aa559-9c98-42c8-9c7e-a83d2471c984', '12ed0568-3fd5-4bbe-8fc3-7f152d86c2a2'),
('cd230e4a-0531-43a9-a518-e9a1b848c545', '4fb1e747-21c2-4d60-b727-426258db84ea'),
('d4aee1d9-928c-4c01-848d-5b05fb6a8e24', '4fb1e747-21c2-4d60-b727-426258db84ea'),
('d76bdb0d-1e8d-4157-b096-714a8d7891f3', '64ab17e1-b197-4680-9614-7a61b39ebd91'),
('e22af266-2a4e-4193-8df5-4c388b2d0d9a', '4fb1e747-21c2-4d60-b727-426258db84ea'),
('e4e0e5b9-aa01-435f-8b9a-9c5d0ec28b07', '4fb1e747-21c2-4d60-b727-426258db84ea'),
('e7799393-6102-4cde-8e1d-2e7f96e8f3a4', '4d5b3ceb-34ff-499d-9dd0-420714ac5196'),
('e81740aa-8231-42eb-a6e2-f08c89bb9b20', '4d5b3ceb-34ff-499d-9dd0-420714ac5196'),
('eda3b026-4fab-472a-a0d5-40d242c8a0f2', '4d5b3ceb-34ff-499d-9dd0-420714ac5196');

INSERT INTO `DATABASECHANGELOG` (`ID`, `AUTHOR`, `FILENAME`, `DATEEXECUTED`, `ORDEREXECUTED`, `EXECTYPE`, `MD5SUM`, `DESCRIPTION`, `COMMENTS`, `TAG`, `LIQUIBASE`, `CONTEXTS`, `LABELS`, `DEPLOYMENT_ID`) VALUES
('aef-init-benutzer', 'kock', 'db/changelog/changelog-init.xml', '2024-04-08 09:54:54', 1, 'EXECUTED', '9:d2780f9b34c7e878c27a9aa26f6f7057', 'createTable tableName=benutzer', '', NULL, '4.24.0', NULL, NULL, '2570094537'),
('aef-init-raum', 'kock', 'db/changelog/changelog-init.xml', '2024-04-08 09:54:54', 2, 'EXECUTED', '9:b3d3f4a7ccd57b0571a3773314d0c07e', 'createTable tableName=raum', '', NULL, '4.24.0', NULL, NULL, '2570094537'),
('aef-init-veranstaltung', 'kock', 'db/changelog/changelog-init.xml', '2024-04-08 09:54:54', 3, 'EXECUTED', '9:f7f032b4f1d61b08d94ad6a253f201f9', 'createTable tableName=veranstaltung', '', NULL, '4.24.0', NULL, NULL, '2570094537'),
('aef-init-person', 'kock', 'db/changelog/changelog-init.xml', '2024-04-08 09:54:54', 4, 'EXECUTED', '9:dd7d0f64776ec7ab56899b594b3ad5ae', 'createTable tableName=person', '', NULL, '4.24.0', NULL, NULL, '2570094537'),
('aef-init-ausweis', 'kock', 'db/changelog/changelog-init.xml', '2024-04-08 09:54:55', 5, 'EXECUTED', '9:84438cf0db032ed346593217abb1046b', 'createTable tableName=ausweis; addForeignKeyConstraint baseTableName=ausweis, constraintName=fk_ausweis_person_id, referencedTableName=person; addForeignKeyConstraint baseTableName=ausweis, constraintName=fk_ausweis-ausweis, referencedTableName=au...', '', NULL, '4.24.0', NULL, NULL, '2570094537'),
('aef-init-teilnehmende-ausweis-veranstaltung', 'kock', 'db/changelog/changelog-init.xml', '2024-04-08 09:54:55', 6, 'EXECUTED', '9:420a6fc13e17c58bbe4a55cf70ebc5ce', 'createTable tableName=teilnehmende_ausweis_veranstaltung; addForeignKeyConstraint baseTableName=teilnehmende_ausweis_veranstaltung, constraintName=fk_teilnehmende_ausweis_veranstaltung_veranstaltung, referencedTableName=veranstaltung; addForeignKe...', '', NULL, '4.24.0', NULL, NULL, '2570094537'),
('aef-init-berechtigte-ausweis-veranstaltung', 'kock', 'db/changelog/changelog-init.xml', '2024-04-08 09:54:55', 7, 'EXECUTED', '9:94425e66fe5ed86d2945258fe4ff7c31', 'createTable tableName=berechtigte_ausweis_veranstaltung; addForeignKeyConstraint baseTableName=berechtigte_ausweis_veranstaltung, constraintName=fk_berechtigte_ausweis_veranstaltung_veranstaltung, referencedTableName=veranstaltung; addForeignKeyCo...', '', NULL, '4.24.0', NULL, NULL, '2570094537'),
('aef-init-teilnehmende-person-veranstaltung', 'kock', 'db/changelog/changelog-init.xml', '2024-04-08 09:54:55', 8, 'EXECUTED', '9:deec22dbef86d1f9731dc482f2bcb901', 'createTable tableName=teilnehmende_person_veranstaltung; addForeignKeyConstraint baseTableName=teilnehmende_person_veranstaltung, constraintName=fk_teilnehmende_person_veranstaltung_veranstaltung, referencedTableName=veranstaltung; addForeignKeyCo...', '', NULL, '4.24.0', NULL, NULL, '2570094537'),
('aef-init-berechtigte-person-veranstaltung', 'kock', 'db/changelog/changelog-init.xml', '2024-04-08 09:54:55', 9, 'EXECUTED', '9:5d90cf4b5f68cf3c83e2aada0920abe0', 'createTable tableName=berechtigte_person_veranstaltung; addForeignKeyConstraint baseTableName=berechtigte_person_veranstaltung, constraintName=fk_berechtigte_person_veranstaltung_veranstaltung, referencedTableName=veranstaltung; addForeignKeyConst...', '', NULL, '4.24.0', NULL, NULL, '2570094537'),
('aef-init-termin', 'kock', 'db/changelog/changelog-init.xml', '2024-04-08 09:54:55', 10, 'EXECUTED', '9:e445b9b574fddfc4c0e54ffbaff9e468', 'createTable tableName=termin; addForeignKeyConstraint baseTableName=termin, constraintName=fk_termin_veranstaltung, referencedTableName=veranstaltung', '', NULL, '4.24.0', NULL, NULL, '2570094537'),
('aef-init-raum-termin', 'kock', 'db/changelog/changelog-init.xml', '2024-04-08 09:54:55', 11, 'EXECUTED', '9:4d961e7b6b173e286c52bd75f06237bd', 'createTable tableName=raum_termin; addForeignKeyConstraint baseTableName=raum_termin, constraintName=fk_raum_termin_termin, referencedTableName=termin; addForeignKeyConstraint baseTableName=raum_termin, constraintName=fk_raum_termin_raum, referenc...', '', NULL, '4.24.0', NULL, NULL, '2570094537'),
('aef-init-teilnehmende-ausweis-termin', 'kock', 'db/changelog/changelog-init.xml', '2024-04-08 09:54:55', 12, 'EXECUTED', '9:895cf5311464ad2341233d688793abc1', 'createTable tableName=teilnehmende_ausweis_termin; addForeignKeyConstraint baseTableName=teilnehmende_ausweis_termin, constraintName=fk_teilnehmende_ausweis_termin_termin, referencedTableName=termin; addForeignKeyConstraint baseTableName=teilnehme...', '', NULL, '4.24.0', NULL, NULL, '2570094537'),
('aef-init-berechtigte-ausweis-termin', 'kock', 'db/changelog/changelog-init.xml', '2024-04-08 09:54:56', 13, 'EXECUTED', '9:40790802aba2683adbb9abe73965ace4', 'createTable tableName=berechtigte_ausweis_termin; addForeignKeyConstraint baseTableName=berechtigte_ausweis_termin, constraintName=fk_berechtigte_ausweis_termin_termin, referencedTableName=termin; addForeignKeyConstraint baseTableName=berechtigte_...', '', NULL, '4.24.0', NULL, NULL, '2570094537'),
('aef-init-teilnehmende-person-termin', 'kock', 'db/changelog/changelog-init.xml', '2024-04-08 09:54:56', 14, 'EXECUTED', '9:49a70b3f7c2fe4e91610959db6b3165c', 'createTable tableName=teilnehmende_person_termin; addForeignKeyConstraint baseTableName=teilnehmende_person_termin, constraintName=fk_teilnehmende_person_termin_termin, referencedTableName=termin; addForeignKeyConstraint baseTableName=teilnehmende...', '', NULL, '4.24.0', NULL, NULL, '2570094537'),
('aef-init-berechtigte-person-termin', 'kock', 'db/changelog/changelog-init.xml', '2024-04-08 09:54:56', 15, 'EXECUTED', '9:37c2ef4696bb73adcbaef57c90d42be1', 'createTable tableName=berechtigte_person_termin; addForeignKeyConstraint baseTableName=berechtigte_person_termin, constraintName=fk_berechtigte_person_termin_termin, referencedTableName=termin; addForeignKeyConstraint baseTableName=berechtigte_per...', '', NULL, '4.24.0', NULL, NULL, '2570094537'),
('aef-init-erfassung-ausweis', 'kock', 'db/changelog/changelog-init.xml', '2024-04-08 09:54:56', 16, 'EXECUTED', '9:e4550184914eac0cfcf5eb8cabc8e40c', 'createTable tableName=erfassung_ausweis; addForeignKeyConstraint baseTableName=erfassung_ausweis, constraintName=fk_erfassung_ausweis_termin, referencedTableName=termin; addForeignKeyConstraint baseTableName=erfassung_ausweis, constraintName=fk_er...', '', NULL, '4.24.0', NULL, NULL, '2570094537'),
('aef-init-erfassung-person', 'kock', 'db/changelog/changelog-init.xml', '2024-04-08 09:54:56', 17, 'EXECUTED', '9:227548a0b2d0409e75da2c55b87b3285', 'createTable tableName=erfassung_person; addForeignKeyConstraint baseTableName=erfassung_person, constraintName=fk_erfassung_person_raum, referencedTableName=raum; addForeignKeyConstraint baseTableName=erfassung_person, constraintName=fk_erfassung_...', '', NULL, '4.24.0', NULL, NULL, '2570094537'),
('aef-init-data-benutzer', 'kock', 'db/changelog/changelog-base-user.xml', '2024-04-08 09:54:56', 18, 'EXECUTED', '9:77b06fae6b4e029b4c6a8cfebf415b79', 'insert tableName=benutzer; insert tableName=benutzer; insert tableName=benutzer; insert tableName=benutzer', '', NULL, '4.24.0', NULL, NULL, '2570094537');

INSERT INTO `DATABASECHANGELOGLOCK` (`ID`, `LOCKED`, `LOCKGRANTED`, `LOCKEDBY`) VALUES
(1, 0, NULL, NULL);

INSERT INTO `erfassung_ausweis` (`id`, `termin_id`, `ausweis_rfid_snr`, `ausweis_kennung`, `zeitpunkt`, `raum_id`) VALUES
('002a53fd-9504-4cd1-8e4c-8d35b6ede5c9', '539be05b-9421-420c-8a17-5aef1bda6902', '43:3D:4C:80', 'A2', '2024-04-09 11:52:43', '180e0445-09a8-4a3a-af04-30dc8ca79227'),
('00aca26e-87c0-43a1-a948-2ba26352f36e', '539be05b-9421-420c-8a17-5aef1bda6902', 'F3:ED:6B:80', 'A4', '2024-04-09 11:56:19', '180e0445-09a8-4a3a-af04-30dc8ca79227'),
('03fcb996-cd05-42c6-bc42-00d97cbcf1a2', '539be05b-9421-420c-8a17-5aef1bda6902', 'E3:AD:6C:80', 'A15', '2024-04-09 11:53:45', '180e0445-09a8-4a3a-af04-30dc8ca79227'),
('04ccbdee-35eb-4162-8ac5-fea057c90953', '539be05b-9421-420c-8a17-5aef1bda6902', '73:B6:76:80', 'A11', '2024-04-09 11:54:57', '180e0445-09a8-4a3a-af04-30dc8ca79227'),
('087ec746-bc6b-4ed6-bbd1-2df526212fad', '539be05b-9421-420c-8a17-5aef1bda6902', '7A:F4:A9:42', 'A10', '2024-04-09 11:57:05', '180e0445-09a8-4a3a-af04-30dc8ca79227'),
('08960e3a-741f-4ee2-83d9-5b70d15fdd2e', '539be05b-9421-420c-8a17-5aef1bda6902', '73:DA:7B:80', 'A27', '2024-04-09 11:57:03', '180e0445-09a8-4a3a-af04-30dc8ca79227'),
('0c146176-2312-499c-bc4e-9ac90a8c8128', 'c8943687-cc28-46b4-8f8b-a9f7d08caa95', '7A:F4:A9:42', 'A10', '2024-04-08 08:00:51', 'cc9d0f41-f781-44d3-a608-d6af78ffdb9d'),
('0d64e9bd-aecb-40d1-b0f7-c3bdaf6b7bd2', '539be05b-9421-420c-8a17-5aef1bda6902', '43:05:47:80', 'A3', '2024-04-09 11:53:36', '180e0445-09a8-4a3a-af04-30dc8ca79227'),
('0f800c0b-676c-4943-a079-e17f8035a160', '539be05b-9421-420c-8a17-5aef1bda6902', '03:83:5B:80', 'A5', '2024-04-09 11:56:37', '180e0445-09a8-4a3a-af04-30dc8ca79227'),
('11efa2c3-a082-4d9b-bc65-18c28d4f3c89', '539be05b-9421-420c-8a17-5aef1bda6902', '43:3D:4C:80', 'A2', '2024-04-09 11:56:55', '180e0445-09a8-4a3a-af04-30dc8ca79227'),
('126d4b1e-a0fe-47b9-b269-08cba400c625', '539be05b-9421-420c-8a17-5aef1bda6902', '83:88:77:80', 'A1', '2024-04-09 11:55:02', '180e0445-09a8-4a3a-af04-30dc8ca79227'),
('131539a3-2e58-4ed7-915d-737c4836b369', '539be05b-9421-420c-8a17-5aef1bda6902', '7A:F4:A9:42', 'A10', '2024-04-09 11:53:39', '180e0445-09a8-4a3a-af04-30dc8ca79227'),
('13c76cdd-7daa-4aee-923d-475ed4b9a830', '539be05b-9421-420c-8a17-5aef1bda6902', '73:DA:7B:80', 'A27', '2024-04-09 11:54:38', '180e0445-09a8-4a3a-af04-30dc8ca79227'),
('13e76b61-525d-4e01-967c-c86396d8554b', '539be05b-9421-420c-8a17-5aef1bda6902', '73:DA:7B:80', 'A27', '2024-04-09 11:55:10', '180e0445-09a8-4a3a-af04-30dc8ca79227'),
('13fd4b3d-fdb0-4a69-a336-3666891cd448', '539be05b-9421-420c-8a17-5aef1bda6902', '03:DC:5C:80', 'A31', '2024-04-09 11:54:41', '180e0445-09a8-4a3a-af04-30dc8ca79227'),
('15eb83b1-7564-418b-8aca-8687627f705b', '539be05b-9421-420c-8a17-5aef1bda6902', 'F3:ED:6B:80', 'A4', '2024-04-09 11:53:36', '180e0445-09a8-4a3a-af04-30dc8ca79227'),
('17f12ddc-5479-4988-bf1c-c6651d68e36e', '539be05b-9421-420c-8a17-5aef1bda6902', '03:83:5B:80', 'A5', '2024-04-09 11:57:11', '180e0445-09a8-4a3a-af04-30dc8ca79227'),
('185b089d-24be-4fdc-8a04-ed21de91a2b8', '539be05b-9421-420c-8a17-5aef1bda6902', '73:DA:7B:80', 'A27', '2024-04-09 11:56:58', '180e0445-09a8-4a3a-af04-30dc8ca79227'),
('19e7afb2-d8a2-46d4-b50f-cd40abe89e49', '539be05b-9421-420c-8a17-5aef1bda6902', '43:3D:4C:80', 'A2', '2024-04-09 11:54:13', '180e0445-09a8-4a3a-af04-30dc8ca79227'),
('1a69c2be-9e11-4372-a44d-fd0345b122b8', '539be05b-9421-420c-8a17-5aef1bda6902', '7A:F4:A9:42', 'A10', '2024-04-09 11:53:19', '180e0445-09a8-4a3a-af04-30dc8ca79227'),
('1aa127e7-f54f-45f4-bd32-1a79bea2972e', '539be05b-9421-420c-8a17-5aef1bda6902', '73:DA:7B:80', 'A27', '2024-04-09 11:57:12', '180e0445-09a8-4a3a-af04-30dc8ca79227'),
('1b204c6d-0701-459b-b74b-d31d5fc2a51d', '539be05b-9421-420c-8a17-5aef1bda6902', '43:3D:4C:80', 'A2', '2024-04-09 11:56:27', '180e0445-09a8-4a3a-af04-30dc8ca79227'),
('1c0dfa24-8b47-4412-ad92-7c3fe6170bd9', '539be05b-9421-420c-8a17-5aef1bda6902', 'E3:AD:6C:80', 'A15', '2024-04-09 11:56:26', '180e0445-09a8-4a3a-af04-30dc8ca79227'),
('1c22d6c7-0e09-49b4-812b-6ae160577dbe', '539be05b-9421-420c-8a17-5aef1bda6902', '03:DC:5C:80', 'A31', '2024-04-09 11:56:51', '180e0445-09a8-4a3a-af04-30dc8ca79227'),
('1dee3e1a-b63b-46bb-828b-dd64d7f56945', '539be05b-9421-420c-8a17-5aef1bda6902', 'E3:AD:6C:80', 'A15', '2024-04-09 11:53:16', '180e0445-09a8-4a3a-af04-30dc8ca79227'),
('1e846472-893f-43e7-8ff6-19c488574835', '539be05b-9421-420c-8a17-5aef1bda6902', '7A:F4:A9:42', 'A10', '2024-04-09 11:52:36', '180e0445-09a8-4a3a-af04-30dc8ca79227'),
('1eb6f423-9e80-4bdc-a816-3f2302477d33', '539be05b-9421-420c-8a17-5aef1bda6902', '03:83:5B:80', 'A5', '2024-04-09 11:56:22', '180e0445-09a8-4a3a-af04-30dc8ca79227'),
('1ee7cbc8-eb90-4401-b74d-165c476542ed', '539be05b-9421-420c-8a17-5aef1bda6902', '83:88:77:80', 'A1', '2024-04-09 11:56:56', '180e0445-09a8-4a3a-af04-30dc8ca79227'),
('21030188-dace-4c23-909c-56006bee40c1', '539be05b-9421-420c-8a17-5aef1bda6902', '33:46:75:80', 'A7', '2024-04-09 11:54:45', '180e0445-09a8-4a3a-af04-30dc8ca79227'),
('221fdcdf-956b-4359-af60-8fad9121e0e8', '539be05b-9421-420c-8a17-5aef1bda6902', '33:46:75:80', 'A7', '2024-04-09 11:57:02', '180e0445-09a8-4a3a-af04-30dc8ca79227'),
('228b0baf-5ee0-4f57-9501-aa94f07458ea', '539be05b-9421-420c-8a17-5aef1bda6902', '03:DC:5C:80', 'A31', '2024-04-09 11:52:39', '180e0445-09a8-4a3a-af04-30dc8ca79227'),
('231953ca-6430-4fff-ab85-8ee31dae4d93', '539be05b-9421-420c-8a17-5aef1bda6902', '43:3D:4C:80', 'A2', '2024-04-09 11:55:14', '180e0445-09a8-4a3a-af04-30dc8ca79227'),
('242526b8-ff00-4c09-8603-3de3f39d647e', '539be05b-9421-420c-8a17-5aef1bda6902', '43:05:47:80', 'A3', '2024-04-09 11:54:03', '180e0445-09a8-4a3a-af04-30dc8ca79227'),
('25d5f3b0-b94d-4f71-9319-0b8fe09e33ff', '539be05b-9421-420c-8a17-5aef1bda6902', '73:DA:7B:80', 'A27', '2024-04-09 11:53:17', '180e0445-09a8-4a3a-af04-30dc8ca79227'),
('269e0338-6a1a-42f0-b30f-8176397a8026', '539be05b-9421-420c-8a17-5aef1bda6902', '73:B6:76:80', 'A11', '2024-04-09 11:53:23', '180e0445-09a8-4a3a-af04-30dc8ca79227'),
('27bbdc74-1ba7-4aa2-a667-f0fa510aaad8', '539be05b-9421-420c-8a17-5aef1bda6902', '73:B6:76:80', 'A11', '2024-04-09 11:55:07', '180e0445-09a8-4a3a-af04-30dc8ca79227'),
('28350260-9810-4ce7-8677-4eb430bcbf2f', '539be05b-9421-420c-8a17-5aef1bda6902', '03:DC:5C:80', 'A31', '2024-04-09 11:53:22', '180e0445-09a8-4a3a-af04-30dc8ca79227'),
('292b7477-3642-497a-8571-d327add8197f', '539be05b-9421-420c-8a17-5aef1bda6902', 'F3:ED:6B:80', 'A4', '2024-04-09 11:57:00', '180e0445-09a8-4a3a-af04-30dc8ca79227'),
('29a24f7b-d04d-494e-9898-07e5e8147331', '539be05b-9421-420c-8a17-5aef1bda6902', 'F3:ED:6B:80', 'A4', '2024-04-09 11:54:46', '180e0445-09a8-4a3a-af04-30dc8ca79227'),
('2c610e82-ee5d-44f0-8cc9-c10945b6a7f2', '539be05b-9421-420c-8a17-5aef1bda6902', '03:83:5B:80', 'A5', '2024-04-09 11:53:29', '180e0445-09a8-4a3a-af04-30dc8ca79227'),
('2ccc9805-b704-4625-80bf-a6474e2acca2', '539be05b-9421-420c-8a17-5aef1bda6902', '33:46:75:80', 'A7', '2024-04-09 11:55:08', '180e0445-09a8-4a3a-af04-30dc8ca79227'),
('2db774bf-4340-4b86-9c9a-0b9530f3b5ef', '539be05b-9421-420c-8a17-5aef1bda6902', 'E3:AD:6C:80', 'A15', '2024-04-09 11:55:17', '180e0445-09a8-4a3a-af04-30dc8ca79227'),
('2ea44e8e-280d-4257-bcf5-ed750b9ec682', '539be05b-9421-420c-8a17-5aef1bda6902', '43:05:47:80', 'A3', '2024-04-09 11:53:46', '180e0445-09a8-4a3a-af04-30dc8ca79227'),
('30765998-0870-40ae-92e3-feb38eb089d2', '539be05b-9421-420c-8a17-5aef1bda6902', '03:DC:5C:80', 'A31', '2024-04-09 11:53:25', '180e0445-09a8-4a3a-af04-30dc8ca79227'),
('3086b5fd-1253-4e99-90b4-cf8e9b08130e', '539be05b-9421-420c-8a17-5aef1bda6902', '43:05:47:80', 'A3', '2024-04-09 11:54:11', '180e0445-09a8-4a3a-af04-30dc8ca79227'),
('3170ad81-8af8-4b99-854a-2f725883345d', '539be05b-9421-420c-8a17-5aef1bda6902', '03:DC:5C:80', 'A31', '2024-04-09 11:52:15', '180e0445-09a8-4a3a-af04-30dc8ca79227'),
('32cd2637-6a97-45ce-a889-4a4fcd91c193', '539be05b-9421-420c-8a17-5aef1bda6902', '43:05:47:80', 'A3', '2024-04-09 11:54:45', '180e0445-09a8-4a3a-af04-30dc8ca79227'),
('32e7ff51-c4cf-48fb-80e8-15c1546a578b', '539be05b-9421-420c-8a17-5aef1bda6902', '33:46:75:80', 'A7', '2024-04-09 11:56:20', '180e0445-09a8-4a3a-af04-30dc8ca79227'),
('343ef4bc-207b-481d-a380-20528009f42c', '539be05b-9421-420c-8a17-5aef1bda6902', '03:83:5B:80', 'A5', '2024-04-09 11:52:24', '180e0445-09a8-4a3a-af04-30dc8ca79227'),
('34482207-00cd-4238-bd9d-e51c9a803a33', '539be05b-9421-420c-8a17-5aef1bda6902', 'F3:ED:6B:80', 'A4', '2024-04-09 11:52:28', '180e0445-09a8-4a3a-af04-30dc8ca79227'),
('3654d9f3-9624-4115-81f7-eea5c928dd6d', '539be05b-9421-420c-8a17-5aef1bda6902', '73:B6:76:80', 'A11', '2024-04-09 11:54:06', '180e0445-09a8-4a3a-af04-30dc8ca79227'),
('369624e5-7f82-444d-9080-b7fe31ecdbed', '539be05b-9421-420c-8a17-5aef1bda6902', '73:B6:76:80', 'A11', '2024-04-09 11:52:41', '180e0445-09a8-4a3a-af04-30dc8ca79227'),
('3731d397-7d1c-4de0-b6d8-335f079d4818', '539be05b-9421-420c-8a17-5aef1bda6902', '03:83:5B:80', 'A5', '2024-04-09 11:52:49', '180e0445-09a8-4a3a-af04-30dc8ca79227'),
('37a88473-251b-4890-b367-e3148294cd78', '539be05b-9421-420c-8a17-5aef1bda6902', '43:3D:4C:80', 'A2', '2024-04-09 11:56:24', '180e0445-09a8-4a3a-af04-30dc8ca79227'),
('3a6dbc1a-8182-4e06-b098-fd7a4fc2d625', '539be05b-9421-420c-8a17-5aef1bda6902', '7A:F4:A9:42', 'A10', '2024-04-09 11:54:58', '180e0445-09a8-4a3a-af04-30dc8ca79227'),
('3da87f8a-baeb-48e4-82d9-b5aa29e5f71b', '539be05b-9421-420c-8a17-5aef1bda6902', '43:3D:4C:80', 'A2', '2024-04-09 11:53:26', '180e0445-09a8-4a3a-af04-30dc8ca79227'),
('3dd1884d-4582-4756-806c-5d786a986fe1', '539be05b-9421-420c-8a17-5aef1bda6902', '03:DC:5C:80', 'A31', '2024-04-09 11:53:32', '180e0445-09a8-4a3a-af04-30dc8ca79227'),
('3de2b7de-fdbc-4874-938e-1d1be68a1309', 'c8943687-cc28-46b4-8f8b-a9f7d08caa95', '43:3D:4C:80', 'A2', '2024-04-08 07:35:01', 'cc9d0f41-f781-44d3-a608-d6af78ffdb9d'),
('3ff73f9e-5bf0-43fd-b975-ed011bc52265', '539be05b-9421-420c-8a17-5aef1bda6902', '43:3D:4C:80', 'A2', '2024-04-09 11:56:36', '180e0445-09a8-4a3a-af04-30dc8ca79227'),
('400216b6-1dbb-4080-9cae-3eb6cf600e44', '539be05b-9421-420c-8a17-5aef1bda6902', '03:DC:5C:80', 'A31', '2024-04-09 11:53:38', '180e0445-09a8-4a3a-af04-30dc8ca79227'),
('40031f87-a92b-427b-9e16-863969884a36', '539be05b-9421-420c-8a17-5aef1bda6902', '83:88:77:80', 'A1', '2024-04-09 11:53:28', '180e0445-09a8-4a3a-af04-30dc8ca79227'),
('413a28be-f059-474c-98a8-229f1f174722', '539be05b-9421-420c-8a17-5aef1bda6902', '43:05:47:80', 'A3', '2024-04-09 11:54:53', '180e0445-09a8-4a3a-af04-30dc8ca79227'),
('417b40a6-2128-4fa4-b438-e0f86d2df2ec', '539be05b-9421-420c-8a17-5aef1bda6902', 'E3:AD:6C:80', 'A15', '2024-04-09 11:54:12', '180e0445-09a8-4a3a-af04-30dc8ca79227'),
('427702c8-2622-46c5-9c4a-5fb59bdb29db', '539be05b-9421-420c-8a17-5aef1bda6902', '03:DC:5C:80', 'A31', '2024-04-09 11:55:04', '180e0445-09a8-4a3a-af04-30dc8ca79227'),
('428466e8-dd16-474c-a755-b1c88da56aef', '539be05b-9421-420c-8a17-5aef1bda6902', '03:83:5B:80', 'A5', '2024-04-09 11:54:40', '180e0445-09a8-4a3a-af04-30dc8ca79227'),
('432b111c-6914-4717-8ff6-791cd0de2d9a', '539be05b-9421-420c-8a17-5aef1bda6902', '03:DC:5C:80', 'A31', '2024-04-09 11:54:00', '180e0445-09a8-4a3a-af04-30dc8ca79227'),
('44f77629-0b9e-4f18-9a09-8b1f2668aaba', '539be05b-9421-420c-8a17-5aef1bda6902', '03:DC:5C:80', 'A31', '2024-04-09 11:54:52', '180e0445-09a8-4a3a-af04-30dc8ca79227'),
('46a058dd-625c-4fa3-b0d1-ee1afafc944a', '539be05b-9421-420c-8a17-5aef1bda6902', '83:88:77:80', 'A1', '2024-04-09 11:57:06', '180e0445-09a8-4a3a-af04-30dc8ca79227'),
('49073488-70a4-45c6-a181-3790a2f10d23', '539be05b-9421-420c-8a17-5aef1bda6902', '73:B6:76:80', 'A11', '2024-04-09 11:57:01', '180e0445-09a8-4a3a-af04-30dc8ca79227'),
('4b44fc81-86b5-4550-8432-4cb83465ed86', '539be05b-9421-420c-8a17-5aef1bda6902', '73:DA:7B:80', 'A27', '2024-04-09 11:53:31', '180e0445-09a8-4a3a-af04-30dc8ca79227'),
('4cd10726-d741-4c41-bf8e-42a12984f340', '539be05b-9421-420c-8a17-5aef1bda6902', '33:46:75:80', 'A7', '2024-04-09 11:53:35', '180e0445-09a8-4a3a-af04-30dc8ca79227'),
('4d32fa67-c5e5-4c74-86df-c8b48092172e', '539be05b-9421-420c-8a17-5aef1bda6902', '83:88:77:80', 'A1', '2024-04-09 11:56:35', '180e0445-09a8-4a3a-af04-30dc8ca79227'),
('50fe5cba-1f7c-4a2f-80ea-f06381c637b9', 'c8943687-cc28-46b4-8f8b-a9f7d08caa95', 'E3:AD:6C:80', 'A15', '2024-04-08 07:50:01', 'cc9d0f41-f781-44d3-a608-d6af78ffdb9d'),
('51ea6129-8645-48e4-ab69-a769b850dc5d', '539be05b-9421-420c-8a17-5aef1bda6902', '03:DC:5C:80', 'A31', '2024-04-09 11:55:09', '180e0445-09a8-4a3a-af04-30dc8ca79227'),
('541ad73f-5706-49be-9476-7c53f96463f9', '539be05b-9421-420c-8a17-5aef1bda6902', '03:83:5B:80', 'A5', '2024-04-09 11:54:50', '180e0445-09a8-4a3a-af04-30dc8ca79227'),
('5449fbcc-3031-44ae-bbe7-2d872efcc7a7', '539be05b-9421-420c-8a17-5aef1bda6902', 'F3:ED:6B:80', 'A4', '2024-04-09 11:52:34', '180e0445-09a8-4a3a-af04-30dc8ca79227'),
('545c587d-4e3e-4f22-9049-946cbe0c1b69', '539be05b-9421-420c-8a17-5aef1bda6902', '73:DA:7B:80', 'A27', '2024-04-09 11:55:00', '180e0445-09a8-4a3a-af04-30dc8ca79227'),
('5680db6c-2cc4-4fad-b609-2735b4d0c455', '539be05b-9421-420c-8a17-5aef1bda6902', 'E3:AD:6C:80', 'A15', '2024-04-09 11:52:30', '180e0445-09a8-4a3a-af04-30dc8ca79227'),
('57c86cda-fd67-42c4-a14d-c786ce283976', '539be05b-9421-420c-8a17-5aef1bda6902', 'F3:ED:6B:80', 'A4', '2024-04-09 11:54:42', '180e0445-09a8-4a3a-af04-30dc8ca79227'),
('57eddcf1-ee41-476b-aea0-a5aa96770c7d', '539be05b-9421-420c-8a17-5aef1bda6902', '43:3D:4C:80', 'A2', '2024-04-09 11:56:57', '180e0445-09a8-4a3a-af04-30dc8ca79227'),
('585599c5-b921-4efe-b3ba-d4213a61313a', '539be05b-9421-420c-8a17-5aef1bda6902', '7A:F4:A9:42', 'A10', '2024-04-09 11:57:10', '180e0445-09a8-4a3a-af04-30dc8ca79227'),
('59b6bfae-a4e6-48c6-943c-ee711fda057e', '539be05b-9421-420c-8a17-5aef1bda6902', '83:88:77:80', 'A1', '2024-04-09 11:54:51', '180e0445-09a8-4a3a-af04-30dc8ca79227'),
('5e5cba6c-ac1d-423f-9545-74780d982af8', '539be05b-9421-420c-8a17-5aef1bda6902', '7A:F4:A9:42', 'A10', '2024-04-09 11:53:29', '180e0445-09a8-4a3a-af04-30dc8ca79227'),
('60008799-78e4-4557-a24f-36918d00ce86', '539be05b-9421-420c-8a17-5aef1bda6902', 'F3:ED:6B:80', 'A4', '2024-04-09 11:55:06', '180e0445-09a8-4a3a-af04-30dc8ca79227'),
('60b4c536-c02a-48ae-9c6a-2757197e8b14', '539be05b-9421-420c-8a17-5aef1bda6902', '43:05:47:80', 'A3', '2024-04-09 11:53:24', '180e0445-09a8-4a3a-af04-30dc8ca79227'),
('6299d81c-e813-45f0-9abc-1c566bb526e6', '539be05b-9421-420c-8a17-5aef1bda6902', 'E3:AD:6C:80', 'A15', '2024-04-09 11:54:42', '180e0445-09a8-4a3a-af04-30dc8ca79227'),
('634064ce-3704-460c-87e5-4a411a93781a', '539be05b-9421-420c-8a17-5aef1bda6902', 'F3:ED:6B:80', 'A4', '2024-04-09 11:56:29', '180e0445-09a8-4a3a-af04-30dc8ca79227'),
('6621947b-ca03-4e59-acfa-edc2e9d07efa', '539be05b-9421-420c-8a17-5aef1bda6902', '83:88:77:80', 'A1', '2024-04-09 11:53:40', '180e0445-09a8-4a3a-af04-30dc8ca79227'),
('662ef5fc-f1b8-4583-8177-2e68bdcec23c', '539be05b-9421-420c-8a17-5aef1bda6902', 'E3:AD:6C:80', 'A15', '2024-04-09 11:54:47', '180e0445-09a8-4a3a-af04-30dc8ca79227'),
('67c3149d-8479-440a-9e93-927ebdd88836', 'c8943687-cc28-46b4-8f8b-a9f7d08caa95', '43:3D:4C:80', 'A2', '2024-04-08 07:21:07', 'cc9d0f41-f781-44d3-a608-d6af78ffdb9d'),
('68c26c76-df31-45c7-a604-8712e51a9b35', '539be05b-9421-420c-8a17-5aef1bda6902', 'F3:ED:6B:80', 'A4', '2024-04-09 11:55:16', '180e0445-09a8-4a3a-af04-30dc8ca79227'),
('6a67a5ff-faf3-483d-8276-c2c57aa723f1', '539be05b-9421-420c-8a17-5aef1bda6902', '03:83:5B:80', 'A5', '2024-04-09 11:52:32', '180e0445-09a8-4a3a-af04-30dc8ca79227'),
('6e511ed0-21db-4f31-a75b-ff470496be19', '539be05b-9421-420c-8a17-5aef1bda6902', '03:DC:5C:80', 'A31', '2024-04-09 11:54:55', '180e0445-09a8-4a3a-af04-30dc8ca79227'),
('6f23256f-b740-4542-a03c-67790046342e', '539be05b-9421-420c-8a17-5aef1bda6902', '03:DC:5C:80', 'A31', '2024-04-09 11:57:07', '180e0445-09a8-4a3a-af04-30dc8ca79227'),
('6f69c210-31ad-4e75-ae8e-63cfcacc7c87', '539be05b-9421-420c-8a17-5aef1bda6902', '7A:F4:A9:42', 'A10', '2024-04-09 11:56:28', '180e0445-09a8-4a3a-af04-30dc8ca79227'),
('6f8bef1c-f32b-4fcc-a53a-b8d18efb2e41', '539be05b-9421-420c-8a17-5aef1bda6902', '43:05:47:80', 'A3', '2024-04-09 11:55:06', '180e0445-09a8-4a3a-af04-30dc8ca79227'),
('70406789-53e6-44e6-92d5-f2ee6b39edc1', '539be05b-9421-420c-8a17-5aef1bda6902', '73:DA:7B:80', 'A27', '2024-04-09 11:56:26', '180e0445-09a8-4a3a-af04-30dc8ca79227'),
('75d5f591-92fb-4cdc-9c64-648524a22946', '539be05b-9421-420c-8a17-5aef1bda6902', '7A:F4:A9:42', 'A10', '2024-04-09 11:53:41', '180e0445-09a8-4a3a-af04-30dc8ca79227'),
('765bf2c5-4d53-4b28-bd49-3e0cd0ea1df2', '539be05b-9421-420c-8a17-5aef1bda6902', '73:DA:7B:80', 'A27', '2024-04-09 11:54:08', '180e0445-09a8-4a3a-af04-30dc8ca79227'),
('76a4a7db-c5bc-4d45-aba3-03be40f2036e', '539be05b-9421-420c-8a17-5aef1bda6902', '33:46:75:80', 'A7', '2024-04-09 11:56:32', '180e0445-09a8-4a3a-af04-30dc8ca79227'),
('779e6f89-7b69-4a13-aa35-fe1c3da9b292', '539be05b-9421-420c-8a17-5aef1bda6902', '43:05:47:80', 'A3', '2024-04-09 11:56:33', '180e0445-09a8-4a3a-af04-30dc8ca79227'),
('77b9041b-f9be-4bd8-af64-66443674ef1b', '539be05b-9421-420c-8a17-5aef1bda6902', '03:83:5B:80', 'A5', '2024-04-09 11:55:13', '180e0445-09a8-4a3a-af04-30dc8ca79227'),
('7970f6fe-65db-4662-abfe-bec237886a4c', '539be05b-9421-420c-8a17-5aef1bda6902', '73:DA:7B:80', 'A27', '2024-04-09 11:56:54', '180e0445-09a8-4a3a-af04-30dc8ca79227'),
('7c14b38c-e862-4256-8114-20c0ea7317c8', '539be05b-9421-420c-8a17-5aef1bda6902', '73:DA:7B:80', 'A27', '2024-04-09 11:54:51', '180e0445-09a8-4a3a-af04-30dc8ca79227'),
('7e6602b4-601d-4de2-9965-f2d2e372b3e7', '539be05b-9421-420c-8a17-5aef1bda6902', '03:DC:5C:80', 'A31', '2024-04-09 11:55:01', '180e0445-09a8-4a3a-af04-30dc8ca79227'),
('7e69b435-aa17-4589-8aae-bbb86701bd9f', '539be05b-9421-420c-8a17-5aef1bda6902', 'E3:AD:6C:80', 'A15', '2024-04-09 11:53:37', '180e0445-09a8-4a3a-af04-30dc8ca79227'),
('7f5005fb-73d0-428d-9572-11231785374a', '539be05b-9421-420c-8a17-5aef1bda6902', '73:DA:7B:80', 'A27', '2024-04-09 11:52:21', '180e0445-09a8-4a3a-af04-30dc8ca79227'),
('81c83854-1898-4bf9-a2cd-0148bbe63063', '539be05b-9421-420c-8a17-5aef1bda6902', '7A:F4:A9:42', 'A10', '2024-04-09 11:56:21', '180e0445-09a8-4a3a-af04-30dc8ca79227'),
('83376a38-175a-49b0-a2e0-965b65bbf816', '539be05b-9421-420c-8a17-5aef1bda6902', 'E3:AD:6C:80', 'A15', '2024-04-09 11:54:01', '180e0445-09a8-4a3a-af04-30dc8ca79227'),
('85899696-7e50-49f9-a17a-40241d20bf99', '539be05b-9421-420c-8a17-5aef1bda6902', '73:DA:7B:80', 'A27', '2024-04-09 11:56:39', '180e0445-09a8-4a3a-af04-30dc8ca79227'),
('85c3be6a-4146-4b40-9b4e-84003f926b7c', '539be05b-9421-420c-8a17-5aef1bda6902', '83:88:77:80', 'A1', '2024-04-09 11:52:23', '180e0445-09a8-4a3a-af04-30dc8ca79227'),
('85d2a3ba-5036-4d0f-a571-3df90f5d87fa', '539be05b-9421-420c-8a17-5aef1bda6902', '33:46:75:80', 'A7', '2024-04-09 11:53:53', '180e0445-09a8-4a3a-af04-30dc8ca79227'),
('86c37628-deec-433c-801d-e8c102f06736', '539be05b-9421-420c-8a17-5aef1bda6902', '73:DA:7B:80', 'A27', '2024-04-09 11:53:26', '180e0445-09a8-4a3a-af04-30dc8ca79227'),
('8783a774-cb1d-4517-9b0c-1d8052646119', '539be05b-9421-420c-8a17-5aef1bda6902', '73:DA:7B:80', 'A27', '2024-04-09 11:54:49', '180e0445-09a8-4a3a-af04-30dc8ca79227'),
('89e70824-9381-4024-8719-4b0190260956', '539be05b-9421-420c-8a17-5aef1bda6902', '03:DC:5C:80', 'A31', '2024-04-09 11:53:17', '180e0445-09a8-4a3a-af04-30dc8ca79227'),
('8b71d50e-8a33-4dc5-8682-902b0de5204a', '539be05b-9421-420c-8a17-5aef1bda6902', '33:46:75:80', 'A7', '2024-04-09 11:53:24', '180e0445-09a8-4a3a-af04-30dc8ca79227'),
('8b8624f2-0356-4fb8-a7a9-22d25ae68b66', '539be05b-9421-420c-8a17-5aef1bda6902', 'F3:ED:6B:80', 'A4', '2024-04-09 11:54:52', '180e0445-09a8-4a3a-af04-30dc8ca79227'),
('8bb0d5a2-4891-4ea4-a1a5-a2d5a0065a01', '539be05b-9421-420c-8a17-5aef1bda6902', '03:DC:5C:80', 'A31', '2024-04-09 11:56:30', '180e0445-09a8-4a3a-af04-30dc8ca79227'),
('8cfb09c7-8f0b-4eff-82e5-f55422645a4f', '539be05b-9421-420c-8a17-5aef1bda6902', '33:46:75:80', 'A7', '2024-04-09 11:54:56', '180e0445-09a8-4a3a-af04-30dc8ca79227'),
('8da7d913-696b-4860-8646-78f08d99c618', '539be05b-9421-420c-8a17-5aef1bda6902', '33:46:75:80', 'A7', '2024-04-09 11:53:14', '180e0445-09a8-4a3a-af04-30dc8ca79227'),
('8e5bcdcd-8e69-40bd-89ea-4e325b2ab3b1', 'c8943687-cc28-46b4-8f8b-a9f7d08caa95', '05:8D:B2:C1:AB:C2:00', '7fffcae1-316f-4790-84ce-982167a718b2', '2024-04-08 07:22:55', 'cc9d0f41-f781-44d3-a608-d6af78ffdb9d'),
('8f60b7a6-3349-4d65-b6a1-0abefd612608', '539be05b-9421-420c-8a17-5aef1bda6902', '43:05:47:80', 'A3', '2024-04-09 11:53:55', '180e0445-09a8-4a3a-af04-30dc8ca79227'),
('8fa24804-58b1-4a13-b010-aea03640901b', '539be05b-9421-420c-8a17-5aef1bda6902', '73:B6:76:80', 'A11', '2024-04-09 11:54:54', '180e0445-09a8-4a3a-af04-30dc8ca79227'),
('91f96a7c-89a5-46cc-9416-b7f7504db337', '539be05b-9421-420c-8a17-5aef1bda6902', '33:46:75:80', 'A7', '2024-04-09 11:52:26', '180e0445-09a8-4a3a-af04-30dc8ca79227'),
('936314e1-c11d-422a-9a96-398792cf65b0', '539be05b-9421-420c-8a17-5aef1bda6902', 'F3:ED:6B:80', 'A4', '2024-04-09 11:53:54', '180e0445-09a8-4a3a-af04-30dc8ca79227'),
('9377e286-b6bf-41b6-8eec-1604f590ffca', '539be05b-9421-420c-8a17-5aef1bda6902', '73:B6:76:80', 'A11', '2024-04-09 11:52:13', '180e0445-09a8-4a3a-af04-30dc8ca79227'),
('96711ccf-c8c7-4ae7-8853-b7d4ffe02004', '539be05b-9421-420c-8a17-5aef1bda6902', '33:46:75:80', 'A7', '2024-04-09 11:54:09', '180e0445-09a8-4a3a-af04-30dc8ca79227'),
('978d8245-6108-4fe3-ba20-404c6ed4a458', '539be05b-9421-420c-8a17-5aef1bda6902', '73:B6:76:80', 'A11', '2024-04-09 11:53:35', '180e0445-09a8-4a3a-af04-30dc8ca79227'),
('9850b7e7-679c-4085-bee2-1f9b7a4cc467', 'a1d55b0c-5688-43bf-98a3-62685f856bfc', '03:DC:5C:80', 'A31', '2024-04-08 07:35:05', '9f1388b1-d0a6-4a78-b039-97736cac913b'),
('98b2aa5c-e54b-45d6-bc86-169589c737ea', '539be05b-9421-420c-8a17-5aef1bda6902', '03:DC:5C:80', 'A31', '2024-04-09 11:57:04', '180e0445-09a8-4a3a-af04-30dc8ca79227'),
('994c8598-40d0-4d60-96b2-666f63dbabc9', '539be05b-9421-420c-8a17-5aef1bda6902', '03:83:5B:80', 'A5', '2024-04-09 11:53:40', '180e0445-09a8-4a3a-af04-30dc8ca79227'),
('9e49b637-1356-487c-8434-82569ba70681', '539be05b-9421-420c-8a17-5aef1bda6902', 'F3:ED:6B:80', 'A4', '2024-04-09 11:54:11', '180e0445-09a8-4a3a-af04-30dc8ca79227'),
('9f8a5034-a248-481a-8a59-2769179da326', '539be05b-9421-420c-8a17-5aef1bda6902', 'F3:ED:6B:80', 'A4', '2024-04-09 11:53:46', '180e0445-09a8-4a3a-af04-30dc8ca79227'),
('a035404c-f13c-45fc-bab7-327a5d5c93b9', '539be05b-9421-420c-8a17-5aef1bda6902', 'E3:AD:6C:80', 'A15', '2024-04-09 11:56:59', '180e0445-09a8-4a3a-af04-30dc8ca79227'),
('a0a0a576-a0cb-4203-9f3b-a74d26bda9bd', '539be05b-9421-420c-8a17-5aef1bda6902', '43:3D:4C:80', 'A2', '2024-04-09 11:53:59', '180e0445-09a8-4a3a-af04-30dc8ca79227'),
('a3005766-4a7d-4d05-8fb6-4791aed4e94f', '539be05b-9421-420c-8a17-5aef1bda6902', '7A:F4:A9:42', 'A10', '2024-04-09 11:54:48', '180e0445-09a8-4a3a-af04-30dc8ca79227'),
('a48a7ac5-1a9d-4497-b136-ba107dc41c13', '539be05b-9421-420c-8a17-5aef1bda6902', '03:DC:5C:80', 'A31', '2024-04-09 11:53:44', '180e0445-09a8-4a3a-af04-30dc8ca79227'),
('a49e12c8-2217-48a3-9b0f-74fd6c6ebea9', '539be05b-9421-420c-8a17-5aef1bda6902', '33:46:75:80', 'A7', '2024-04-09 11:54:07', '180e0445-09a8-4a3a-af04-30dc8ca79227'),
('a4c500a3-c955-4e64-b8f1-7afd4050c5ff', '539be05b-9421-420c-8a17-5aef1bda6902', '03:83:5B:80', 'A5', '2024-04-09 11:55:02', '180e0445-09a8-4a3a-af04-30dc8ca79227'),
('a4cd4e69-34ba-424a-b3e7-22f8d2d5ed2b', '539be05b-9421-420c-8a17-5aef1bda6902', '73:B6:76:80', 'A11', '2024-04-09 11:53:53', '180e0445-09a8-4a3a-af04-30dc8ca79227'),
('a62b6638-099c-44d0-82e1-c17c2e7f6df2', '539be05b-9421-420c-8a17-5aef1bda6902', '7A:F4:A9:42', 'A10', '2024-04-09 11:55:11', '180e0445-09a8-4a3a-af04-30dc8ca79227'),
('abd3ce97-19da-4688-89cd-41e0fc74d98d', '539be05b-9421-420c-8a17-5aef1bda6902', '43:05:47:80', 'A3', '2024-04-09 11:57:09', '180e0445-09a8-4a3a-af04-30dc8ca79227'),
('ac156680-c1a7-49ea-8eab-417b5e81910c', '539be05b-9421-420c-8a17-5aef1bda6902', '7A:F4:A9:42', 'A10', '2024-04-09 11:52:47', '180e0445-09a8-4a3a-af04-30dc8ca79227'),
('ac987af2-8982-42f2-935e-d29a7be98a4e', '539be05b-9421-420c-8a17-5aef1bda6902', '73:DA:7B:80', 'A27', '2024-04-09 11:53:43', '180e0445-09a8-4a3a-af04-30dc8ca79227'),
('acf9573d-9b16-43f8-af74-149d5c1ad490', '539be05b-9421-420c-8a17-5aef1bda6902', 'E3:AD:6C:80', 'A15', '2024-04-09 11:53:21', '180e0445-09a8-4a3a-af04-30dc8ca79227'),
('ae79a574-510c-4e0a-a2bf-e99170e23e30', '539be05b-9421-420c-8a17-5aef1bda6902', '33:46:75:80', 'A7', '2024-04-09 11:56:52', '180e0445-09a8-4a3a-af04-30dc8ca79227'),
('b21163b7-170b-4432-bbba-cc4e16009aa3', '539be05b-9421-420c-8a17-5aef1bda6902', '43:05:47:80', 'A3', '2024-04-09 11:54:43', '180e0445-09a8-4a3a-af04-30dc8ca79227'),
('b2a7bf96-c69c-40b7-be45-c30141d079b8', '539be05b-9421-420c-8a17-5aef1bda6902', '7A:F4:A9:42', 'A10', '2024-04-09 11:53:49', '180e0445-09a8-4a3a-af04-30dc8ca79227'),
('b2e5475b-84ca-4eb3-8e10-4a7d209acac4', '539be05b-9421-420c-8a17-5aef1bda6902', 'E3:AD:6C:80', 'A15', '2024-04-09 11:56:18', '180e0445-09a8-4a3a-af04-30dc8ca79227'),
('b3e9f6d8-7a2d-45e2-82e0-f87d43d23f77', '539be05b-9421-420c-8a17-5aef1bda6902', '73:DA:7B:80', 'A27', '2024-04-09 11:54:55', '180e0445-09a8-4a3a-af04-30dc8ca79227'),
('b5376321-b9f1-49ea-aea4-5b27ca5bf0ab', '539be05b-9421-420c-8a17-5aef1bda6902', '73:B6:76:80', 'A11', '2024-04-09 11:53:14', '180e0445-09a8-4a3a-af04-30dc8ca79227'),
('b5de8a19-a5cc-4302-9b96-c673b7a223d1', '539be05b-9421-420c-8a17-5aef1bda6902', '83:88:77:80', 'A1', '2024-04-09 11:55:13', '180e0445-09a8-4a3a-af04-30dc8ca79227'),
('b6f88a78-f98d-445f-881b-5fc13fc92c1f', '539be05b-9421-420c-8a17-5aef1bda6902', '73:B6:76:80', 'A11', '2024-04-09 11:54:44', '180e0445-09a8-4a3a-af04-30dc8ca79227'),
('b7eb2235-4b80-49b3-b716-bec5ee81d401', '539be05b-9421-420c-8a17-5aef1bda6902', 'E3:AD:6C:80', 'A15', '2024-04-09 11:52:45', '180e0445-09a8-4a3a-af04-30dc8ca79227'),
('b8f47d11-a885-4237-a6f1-7cf83aa04bc7', '539be05b-9421-420c-8a17-5aef1bda6902', '73:DA:7B:80', 'A27', '2024-04-09 11:52:55', '180e0445-09a8-4a3a-af04-30dc8ca79227'),
('ba3302af-c1b3-4ba1-a50e-5b9ce59897c6', '539be05b-9421-420c-8a17-5aef1bda6902', '43:05:47:80', 'A3', '2024-04-09 11:53:34', '180e0445-09a8-4a3a-af04-30dc8ca79227'),
('ba36743e-1868-4d56-a53d-09330dec97fc', '539be05b-9421-420c-8a17-5aef1bda6902', '7A:F4:A9:42', 'A10', '2024-04-09 11:56:38', '180e0445-09a8-4a3a-af04-30dc8ca79227'),
('bb189606-8d87-4c3a-9bf4-327ee61f23cb', '539be05b-9421-420c-8a17-5aef1bda6902', '43:3D:4C:80', 'A2', '2024-04-09 11:53:30', '180e0445-09a8-4a3a-af04-30dc8ca79227'),
('bca9d618-0ae6-42a4-8f06-2b06dff98f2f', '539be05b-9421-420c-8a17-5aef1bda6902', '03:83:5B:80', 'A5', '2024-04-09 11:53:58', '180e0445-09a8-4a3a-af04-30dc8ca79227'),
('be4ad29a-d56d-4b0e-ad9b-b32b6e697227', '539be05b-9421-420c-8a17-5aef1bda6902', '03:DC:5C:80', 'A31', '2024-04-09 11:54:47', '180e0445-09a8-4a3a-af04-30dc8ca79227'),
('c0054422-be76-4345-bf57-c22f63ac6947', 'c8943687-cc28-46b4-8f8b-a9f7d08caa95', '43:3D:4C:80', 'A2', '2024-04-08 07:03:11', 'cc9d0f41-f781-44d3-a608-d6af78ffdb9d'),
('c00ef682-945b-4385-b62e-7138dc7f82dd', '539be05b-9421-420c-8a17-5aef1bda6902', '83:88:77:80', 'A1', '2024-04-09 11:52:51', '180e0445-09a8-4a3a-af04-30dc8ca79227'),
('c0587053-c6da-4ba0-b9c2-d42015b12c81', '539be05b-9421-420c-8a17-5aef1bda6902', '73:DA:7B:80', 'A27', '2024-04-09 11:56:16', '180e0445-09a8-4a3a-af04-30dc8ca79227'),
('c0c2aa93-0a88-410f-8895-846b8b86988b', '539be05b-9421-420c-8a17-5aef1bda6902', '43:05:47:80', 'A3', '2024-04-09 11:52:37', '180e0445-09a8-4a3a-af04-30dc8ca79227'),
('c0e17782-cb73-496c-a95e-544857712621', '539be05b-9421-420c-8a17-5aef1bda6902', '7A:F4:A9:42', 'A10', '2024-04-09 11:56:55', '180e0445-09a8-4a3a-af04-30dc8ca79227'),
('c1553019-308e-4501-9650-626240abdb9f', '539be05b-9421-420c-8a17-5aef1bda6902', 'F3:ED:6B:80', 'A4', '2024-04-09 11:56:52', '180e0445-09a8-4a3a-af04-30dc8ca79227'),
('c30dcc4c-ba3e-41d3-ba80-beca25588a5f', '539be05b-9421-420c-8a17-5aef1bda6902', '43:05:47:80', 'A3', '2024-04-09 11:53:15', '180e0445-09a8-4a3a-af04-30dc8ca79227'),
('c32ec935-9e3c-47b2-a47e-775728efcf56', '539be05b-9421-420c-8a17-5aef1bda6902', '03:DC:5C:80', 'A31', '2024-04-09 11:56:40', '180e0445-09a8-4a3a-af04-30dc8ca79227'),
('c3607b70-acc1-41f8-957d-e0a73be543d3', '539be05b-9421-420c-8a17-5aef1bda6902', '03:DC:5C:80', 'A31', '2024-04-09 11:53:48', '180e0445-09a8-4a3a-af04-30dc8ca79227'),
('c43f2c57-aeae-468a-905f-39a107dbf9d5', '539be05b-9421-420c-8a17-5aef1bda6902', '7A:F4:A9:42', 'A10', '2024-04-09 11:54:40', '180e0445-09a8-4a3a-af04-30dc8ca79227'),
('c5c7915e-b4a9-42bd-a42d-796c6a813e37', 'a1d55b0c-5688-43bf-98a3-62685f856bfc', '73:DA:7B:80', 'A27', '2024-04-08 07:30:56', '9f1388b1-d0a6-4a78-b039-97736cac913b'),
('c6596c65-e5a9-473b-a793-929603ba67d6', '539be05b-9421-420c-8a17-5aef1bda6902', '73:B6:76:80', 'A11', '2024-04-09 11:56:20', '180e0445-09a8-4a3a-af04-30dc8ca79227'),
('c87d8f89-2b70-449d-beda-04619cf96fbb', '539be05b-9421-420c-8a17-5aef1bda6902', '03:DC:5C:80', 'A31', '2024-04-09 11:56:24', '180e0445-09a8-4a3a-af04-30dc8ca79227'),
('c8b852d8-3dda-4e94-b307-b3c43d6fb6e9', 'c8943687-cc28-46b4-8f8b-a9f7d08caa95', '05:80:1D:D3:BA:62:00', 'fd808d26-1265-452a-8269-51a49191f725', '2024-04-08 07:56:08', 'cc9d0f41-f781-44d3-a608-d6af78ffdb9d'),
('c8ee8512-21d4-4f12-ba08-4dc081792aa1', '539be05b-9421-420c-8a17-5aef1bda6902', 'E3:AD:6C:80', 'A15', '2024-04-09 11:53:56', '180e0445-09a8-4a3a-af04-30dc8ca79227'),
('cb839d75-b405-4ee4-9079-2bb4772ea694', '539be05b-9421-420c-8a17-5aef1bda6902', '73:B6:76:80', 'A11', '2024-04-09 11:53:47', '180e0445-09a8-4a3a-af04-30dc8ca79227'),
('cba09f54-da67-4817-9fa1-3a683fbcbe95', '539be05b-9421-420c-8a17-5aef1bda6902', '83:88:77:80', 'A1', '2024-04-09 11:56:23', '180e0445-09a8-4a3a-af04-30dc8ca79227'),
('cc0fd7cf-0f28-4d9f-901e-37a92f27eb99', 'c8943687-cc28-46b4-8f8b-a9f7d08caa95', '03:83:5B:80', 'A5', '2024-04-08 07:10:51', 'cc9d0f41-f781-44d3-a608-d6af78ffdb9d'),
('cf17e156-dc05-41e3-a34b-efd6230bbd61', '539be05b-9421-420c-8a17-5aef1bda6902', '7A:F4:A9:42', 'A10', '2024-04-09 11:52:19', '180e0445-09a8-4a3a-af04-30dc8ca79227'),
('d0bd6977-9928-46c1-bcbd-1cc6405ef3ca', '539be05b-9421-420c-8a17-5aef1bda6902', 'F3:ED:6B:80', 'A4', '2024-04-09 11:53:21', '180e0445-09a8-4a3a-af04-30dc8ca79227'),
('d1284c31-a7c2-43ce-9732-6b838808b892', '539be05b-9421-420c-8a17-5aef1bda6902', '73:B6:76:80', 'A11', '2024-04-09 11:56:53', '180e0445-09a8-4a3a-af04-30dc8ca79227'),
('d1dfb9ab-c277-4ce7-ae42-519bcaf301a8', '539be05b-9421-420c-8a17-5aef1bda6902', 'F3:ED:6B:80', 'A4', '2024-04-09 11:53:32', '180e0445-09a8-4a3a-af04-30dc8ca79227'),
('d2c8ecd1-26e6-4c40-9131-8094ef3e80ec', '539be05b-9421-420c-8a17-5aef1bda6902', '03:DC:5C:80', 'A31', '2024-04-09 11:56:58', '180e0445-09a8-4a3a-af04-30dc8ca79227'),
('d5d66835-4dcd-45a7-949e-6ba6db9820df', '539be05b-9421-420c-8a17-5aef1bda6902', '73:DA:7B:80', 'A27', '2024-04-09 11:53:38', '180e0445-09a8-4a3a-af04-30dc8ca79227'),
('d79bbb15-ee0c-4f77-b47f-8121551989ce', '539be05b-9421-420c-8a17-5aef1bda6902', '83:88:77:80', 'A1', '2024-04-09 11:53:19', '180e0445-09a8-4a3a-af04-30dc8ca79227'),
('d87f7b08-881c-4084-8818-594cd049fd50', '539be05b-9421-420c-8a17-5aef1bda6902', '73:DA:7B:80', 'A27', '2024-04-09 11:53:59', '180e0445-09a8-4a3a-af04-30dc8ca79227'),
('d903334c-98af-4b3f-a7b5-742198fe018f', '539be05b-9421-420c-8a17-5aef1bda6902', 'E3:AD:6C:80', 'A15', '2024-04-09 11:55:05', '180e0445-09a8-4a3a-af04-30dc8ca79227'),
('d950c86a-112d-47ad-9228-1c922e91f62a', 'c8943687-cc28-46b4-8f8b-a9f7d08caa95', '83:88:77:80', 'A1', '2024-04-08 07:04:22', 'cc9d0f41-f781-44d3-a608-d6af78ffdb9d'),
('dbc7af2c-6135-49c5-8ca9-f0b4dc06f44e', '539be05b-9421-420c-8a17-5aef1bda6902', '73:B6:76:80', 'A11', '2024-04-09 11:57:09', '180e0445-09a8-4a3a-af04-30dc8ca79227'),
('de291216-6129-4442-8377-d19b44b0126c', '539be05b-9421-420c-8a17-5aef1bda6902', '43:3D:4C:80', 'A2', '2024-04-09 11:57:05', '180e0445-09a8-4a3a-af04-30dc8ca79227'),
('def7032f-14f3-46fc-949c-1769cc04649c', '539be05b-9421-420c-8a17-5aef1bda6902', '43:05:47:80', 'A3', '2024-04-09 11:52:17', '180e0445-09a8-4a3a-af04-30dc8ca79227'),
('df2db933-46e4-401c-8a05-3ec705108d96', 'a1d55b0c-5688-43bf-98a3-62685f856bfc', 'F3:ED:6B:80', 'A4', '2024-04-08 07:04:35', '9f1388b1-d0a6-4a78-b039-97736cac913b'),
('e0189031-f0a1-4e4c-996c-9177d6b4afa8', '539be05b-9421-420c-8a17-5aef1bda6902', '43:3D:4C:80', 'A2', '2024-04-09 11:55:12', '180e0445-09a8-4a3a-af04-30dc8ca79227'),
('e2e3518a-2b7e-42aa-af7e-d82df1879572', '539be05b-9421-420c-8a17-5aef1bda6902', 'E3:AD:6C:80', 'A15', '2024-04-09 11:53:33', '180e0445-09a8-4a3a-af04-30dc8ca79227'),
('e3342018-0952-4451-a862-15bbdb4c5be0', '539be05b-9421-420c-8a17-5aef1bda6902', '83:88:77:80', 'A1', '2024-04-09 11:54:39', '180e0445-09a8-4a3a-af04-30dc8ca79227'),
('e7ead687-c4e9-4972-be9b-1504ee7566dd', '539be05b-9421-420c-8a17-5aef1bda6902', '73:DA:7B:80', 'A27', '2024-04-09 11:56:36', '180e0445-09a8-4a3a-af04-30dc8ca79227'),
('eba9c231-ac1f-40df-baec-cc25f9e5b4c8', '539be05b-9421-420c-8a17-5aef1bda6902', 'E3:AD:6C:80', 'A15', '2024-04-09 11:56:51', '180e0445-09a8-4a3a-af04-30dc8ca79227'),
('ebe45580-f3f9-48e8-a2a9-e4bbeddf0680', '539be05b-9421-420c-8a17-5aef1bda6902', '43:3D:4C:80', 'A2', '2024-04-09 11:56:39', '180e0445-09a8-4a3a-af04-30dc8ca79227'),
('ee40ddd1-ebbc-45bf-9e05-0a10a63cc65a', '539be05b-9421-420c-8a17-5aef1bda6902', '43:3D:4C:80', 'A2', '2024-04-09 11:54:59', '180e0445-09a8-4a3a-af04-30dc8ca79227'),
('ef007cce-e723-4ca3-880a-9a258924081f', '539be05b-9421-420c-8a17-5aef1bda6902', '73:DA:7B:80', 'A27', '2024-04-09 11:53:50', '180e0445-09a8-4a3a-af04-30dc8ca79227'),
('f0760034-b116-4774-a299-4c1fa515a36b', '539be05b-9421-420c-8a17-5aef1bda6902', '43:3D:4C:80', 'A2', '2024-04-09 11:52:11', '180e0445-09a8-4a3a-af04-30dc8ca79227'),
('f18e0059-cb6b-4b26-8844-e87beab7b20e', 'c8943687-cc28-46b4-8f8b-a9f7d08caa95', '33:46:75:80', 'A7', '2024-04-08 07:32:41', 'cc9d0f41-f781-44d3-a608-d6af78ffdb9d'),
('f1d35ed5-5f6d-4506-8416-7be5d587c1ad', '539be05b-9421-420c-8a17-5aef1bda6902', 'F3:ED:6B:80', 'A4', '2024-04-09 11:57:08', '180e0445-09a8-4a3a-af04-30dc8ca79227'),
('f44839b3-56a5-40a8-a947-b7a7ef4bc391', '539be05b-9421-420c-8a17-5aef1bda6902', '7A:F4:A9:42', 'A10', '2024-04-09 11:53:18', '180e0445-09a8-4a3a-af04-30dc8ca79227'),
('f4e67524-a98a-4f12-92be-c732ac92b92f', '539be05b-9421-420c-8a17-5aef1bda6902', 'F3:ED:6B:80', 'A4', '2024-04-09 11:56:25', '180e0445-09a8-4a3a-af04-30dc8ca79227'),
('f4ec5e97-0d97-4254-913e-83120be8b4d6', '539be05b-9421-420c-8a17-5aef1bda6902', 'F3:ED:6B:80', 'A4', '2024-04-09 11:54:02', '180e0445-09a8-4a3a-af04-30dc8ca79227'),
('f82c02e8-5240-4915-a0a1-ed706b350bfe', '539be05b-9421-420c-8a17-5aef1bda6902', '73:DA:7B:80', 'A27', '2024-04-09 11:55:03', '180e0445-09a8-4a3a-af04-30dc8ca79227'),
('f8523ddc-81e2-43c6-9be0-73e85958fca8', '539be05b-9421-420c-8a17-5aef1bda6902', 'E3:AD:6C:80', 'A15', '2024-04-09 11:56:33', '180e0445-09a8-4a3a-af04-30dc8ca79227'),
('fc4fe8ca-3097-40b1-996e-ed1bf88bcfee', '539be05b-9421-420c-8a17-5aef1bda6902', '73:DA:7B:80', 'A27', '2024-04-09 11:56:31', '180e0445-09a8-4a3a-af04-30dc8ca79227'),
('fd5cd284-a14d-48f4-bd83-70f129d38c71', '539be05b-9421-420c-8a17-5aef1bda6902', 'E3:AD:6C:80', 'A15', '2024-04-09 11:56:30', '180e0445-09a8-4a3a-af04-30dc8ca79227'),
('fd9b2629-f661-4959-9483-06dbd4017d81', '539be05b-9421-420c-8a17-5aef1bda6902', '03:83:5B:80', 'A5', '2024-04-09 11:56:56', '180e0445-09a8-4a3a-af04-30dc8ca79227'),
('fe0e1e5c-b7e0-4d70-b523-3127a86ea5c0', '539be05b-9421-420c-8a17-5aef1bda6902', '43:05:47:80', 'A3', '2024-04-09 11:57:01', '180e0445-09a8-4a3a-af04-30dc8ca79227'),
('ff0b56e7-5a3c-4583-9d25-8248ee972ade', '539be05b-9421-420c-8a17-5aef1bda6902', '83:88:77:80', 'A1', '2024-04-09 11:53:57', '180e0445-09a8-4a3a-af04-30dc8ca79227');

INSERT INTO `erfassung_person` (`id`, `termin_id`, `person_id`, `zeitpunkt`, `raum_id`) VALUES
('38194802-90fd-4d17-80bc-7346190b96af', 'c8943687-cc28-46b4-8f8b-a9f7d08caa95', '3a645b51-8c77-4989-9704-d78f9d360b37', '2024-04-08 07:09:20', NULL),
('3ae24390-a8f6-48b4-8171-31937d9f3833', 'c8943687-cc28-46b4-8f8b-a9f7d08caa95', 'b42dc4f6-4301-42c3-ad51-7ec7965d16a8', '2024-04-08 07:20:01', NULL),
('70cf949f-9cc6-4d34-84c3-1531a8794eeb', 'c8943687-cc28-46b4-8f8b-a9f7d08caa95', 'b8d6f347-779e-4a26-b503-a44554a28886', '2024-04-08 07:58:56', NULL);

INSERT INTO `person` (`id`, `vorname`, `nachname`, `kennung`, `archiv`) VALUES
('0460cd0f-aaef-44c4-9763-3d65d25b86aa', 'Sophie', 'Fischer', '96432', 0),
('08db938e-a773-4e78-a0bf-5dd74bfdaae8', 'David', 'Weber', '78965', 0),
('0a995a54-6423-42ed-8b68-63923146bc17', 'Emma', 'Krause', '52834', 0),
('101aa6f0-d006-48ca-82b9-d3d16d628573', 'Felix', 'Schreiber', '52984', 0),
('12ed0568-3fd5-4bbe-8fc3-7f152d86c2a2', 'Lena', 'Herrmann', 'M8791', 0),
('13e1e382-358c-4b6c-a611-26bdeb3234e5', 'Hannah', 'Weber', '65291', 0),
('14b06cad-c13b-48f2-a318-40bb57759235', 'Julia', 'Herrmann', '62947', 0),
('17e55e9a-e3b9-4a1e-a332-f1bfa08d4d4b', 'Sarah', 'Lehmann', '39482', 0),
('1f6c61b8-8240-4252-8f2f-0edc31a77f2d', 'Emilia', 'Walter', '29874', 0),
('203c947c-fc98-46b2-8713-a5c08d6ff3e7', 'Lena', 'Wagner', '35897', 0),
('22ee2752-93d7-43a1-aa3d-5dde540f9d6f', 'Lena', 'Schreiber', '73592', 0),
('22f04445-e275-406d-bc2b-321b8fefd97f', 'David', 'Kraus', '59247', 0),
('23be50e8-a63b-4ae3-83f5-a1bfbd5c8e55', 'Felix', 'Hoffmann', '74125', 0),
('242337c5-320f-471d-a279-ebede5987955', 'Leon', 'Bach', '38294', 0),
('2513cef2-11bb-437d-989f-624557850e20', 'Sophie', 'Stein', '61548', 0),
('289bfbde-be31-4dd2-bdeb-c9c8e0dfdb01', 'David', 'Bayer', '95247', 0),
('2d57c070-c18b-4b4a-bb0a-a7de49f7f679', 'Lara', 'Hartmann', '73928', 0),
('2ddf6531-6696-46cf-b244-e14e90f1626d', 'Elias', 'Berg', '39274', 0),
('2df0e3d1-a50b-4e06-95a9-e1ada74694b9', 'David', 'Graf', '82356', 0),
('32d2ff50-c9e1-467f-9954-fdc925fd9aae', 'Julia', 'Lorenz', '43928', 0),
('33e6e7ad-8125-4ada-8509-996f49452a72', 'Maximilian', 'Schmidt', 'M7611', 0),
('383cfc0c-7b65-49d5-90ef-81cb8d97fd36', 'David', 'Schulze', 'M6617', 0),
('3a645b51-8c77-4989-9704-d78f9d360b37', 'Sophie', 'Schmidt', '56784', 0),
('3e3349d2-31c7-4580-b068-ecd1e3d5584d', 'Emily', 'Bergmann', '83215', 0),
('3f834456-19a1-459f-ac88-e7f1a59f652e', 'Emma', 'Walter', '48123', 0),
('40d81b4c-812e-4a7f-8143-b0710b998cf9', 'Hannah', 'Jäger', '98532', 0),
('41206e05-ea63-46ad-8d18-ea1d53b09894', 'Lea', 'Mayer', '53698', 0),
('42be4995-8100-4582-85a8-1e36b2f11780', 'Paul', 'Schwarz', '74929', 0),
('46305be4-5e75-43ab-9c59-8254467fc105', 'Max', 'Meier', '73219', 0),
('4a92956f-cbf0-44b1-8ac3-06867449aae9', 'Anna', 'Wolf', '29547', 0),
('4c009b7f-fcf3-45cf-946e-d593651c3c50', 'Finn', 'Lange', '74129', 0),
('4cb97265-fe20-4f4d-951b-a85c24384721', 'Finn', 'Becker', '87425', 0),
('4d5b3ceb-34ff-499d-9dd0-420714ac5196', 'Leon', 'Becker', 'M1231', 0),
('4fb1e747-21c2-4d60-b727-426258db84ea', 'Felix', 'Mayer', 'M7694', 0),
('50e7a97e-0fe1-46b2-a190-80d626326253', 'Laura', 'Kühn', '49528', 0),
('512aad6d-cc43-40ec-a644-a128beda5956', 'Anna', 'Stephens', '31242', 0),
('52233d17-99b9-496c-a725-4b6f142a974e', 'Laura', 'Schulz', '95463', 0),
('5780c6db-480d-4c65-8ba6-04c16f8b5aa8', 'Tim', 'Becker', '69321', 0),
('5b904058-7020-4f59-bb8a-f90e9968c025', 'Emma', 'Schuster', '39487', 0),
('5d89cbc5-9858-47b2-937b-9eaadd834203', 'Sophie', 'Friedrich', '38296', 0),
('63b1d334-0e23-407d-9dfd-62e2b885db9d', 'David', 'Schulze', '92384', 0),
('64ab17e1-b197-4680-9614-7a61b39ebd91', 'Sophie', 'Schneider', 'M2342', 0),
('65786d80-e926-46d0-9cac-d880a962029e', 'Anna', 'Müller', 'M9100', 0),
('697cf7d6-9612-48d7-b21a-f9591decd77c', 'Sarah', 'Peters', '74832', 0),
('75469fa7-4020-4eb7-b702-eeea086de4b6', 'Mia', 'Schmid', '72894', 0),
('75a6b66d-06ea-4b44-9267-4dbe90d9c6f9', 'Emily', 'Krüger', '62974', 0),
('7bcb27df-5197-4fff-9fe9-5e799b9194f6', 'Finn', 'Winkler', '74928', 0),
('7dbb01e6-cbd8-4b87-a96a-e07f718990b1', 'Julian', 'Kühn', '74912', 0),
('7e1f6308-551e-459c-b128-e077c2cef2e7', 'Luisa', 'Hermann', '47192', 0),
('81c70b6c-4a32-4f8e-a407-d4945e4c6e97', 'Paul', 'Kaiser', '74821', 0),
('81e980d7-4aba-4a8f-9dde-9cae58972f9c', 'Jakob', 'Wolff', '29475', 0),
('834b6d95-2376-49aa-a78e-28086a054bd1', 'Max', 'Seidel', '23894', 0),
('84d7673e-3041-41f4-b804-d1ee4dc516c9', 'Julia', 'Hoffmann', 'M4452', 0),
('8e52b383-d2de-41ee-93df-3b6acef468c6', 'Sophie', 'Schubert', '81947', 0),
('8e89196b-b29f-4fbd-bc9d-6f8bb92c1646', 'Leon', 'Huber', '74921', 0),
('9a93d922-0269-4b86-a9e9-40e4c07587ba', 'Daniel', 'Schneider', '71824', 0),
('9ab7c536-2103-4aa4-87ca-28e3e58213ad', 'Maximilian', 'Schmitt', '18472', 0),
('9fe5c3c3-59a3-4760-bfeb-729060a6a7d8', 'Moritz', 'Hofmann', '45932', 0),
('a403f082-8cf2-47d7-8fbe-a2db0fba90a3', 'Felix', 'Hoffmann', '28394', 0),
('a83e014a-8663-4322-a008-4fefa4c1d8f1', 'Philipp', 'Werner', '82564', 0),
('a8ba69bb-e000-4c00-885d-c66ca952c042', 'Luisa', 'Möller', '58924', 0),
('ab480d8d-7fb4-481a-90f8-923c236e1fc5', 'Anna', 'Bayer', '35921', 0),
('ae890506-590d-442f-834d-f289ea4d134c', 'Anna', 'Meyer', '31924', 0),
('b42dc4f6-4301-42c3-ad51-7ec7965d16a8', 'Frauke', 'Müller', '10847', 0),
('b4bcb6a5-4717-45a9-bcd6-8582462bbe18', 'Emma', 'Schneider', '12548', 0),
('b63f1ba6-d0ff-4c37-82cb-9f01dabdd0b6', 'Admin', 'System', 'ADM1', 0),
('b8b2f52b-0e0a-4de4-a0de-bb604bab160b', 'Marie', 'Hartmann', '73691', 0),
('b8d6f347-779e-4a26-b503-a44554a28886', 'Lena', 'Hofmann', '47389', 0),
('b9c80e37-a537-49d2-8420-d52487e67277', 'Nico', 'Günther', '52748', 0),
('ba3dcb33-6911-4715-af24-f3b5319c129c', 'Lea', 'Schulze', '62548', 0),
('bcc44874-f40b-475f-9623-43ccb8373e30', 'Julian', 'Werner', '73921', 0),
('c130bdf6-83cc-4c05-aa36-166b254bf74a', 'Peter', 'Fux', '62478', 0),
('c14871d9-9bb2-4821-9684-f5240077de7b', 'Amelie', 'Wagner', '73924', 0),
('c259d5ce-616a-4b58-a2fc-2084e6100ee9', 'Tobias', 'Schwarz', '29384', 0),
('c4d9eb48-a4d1-41f4-a66a-cfaf8cac2061', 'Laura', 'Franke', '39489', 0),
('cc59c189-7a71-4632-92ad-e14e7df79c25', 'Sophie', 'Brandt', '48532', 0),
('ccf8cc4c-087c-49ae-b5fd-ab24d6238f72', 'Anna', 'Schulze', '42156', 0),
('cd2e33d8-33ea-4624-ae9a-4fff77f5cf69', 'Maximilian', 'Müller', '35789', 0),
('cf0e58a5-1854-4d58-aaa3-4844de72af15', 'Nadine', 'Müller', '43142', 0),
('cffe5b16-d4ba-4acc-b286-a7cbe2a992b8', 'Anna', 'Lang', '57294', 0),
('d17bba28-195c-4d7d-8b55-34bf604284cb', 'Lena', 'Richter', '75824', 0),
('d9d7d2a8-8678-4d40-92e2-009d7c17c3ab', 'Jonas', 'Köhler', '91547', 0),
('dcd4afcc-9380-40ae-abfa-fa4533421ba7', 'Peter', 'Rudolf', '17263', 0),
('e972cc21-052c-48b9-86af-171738825388', 'Hannah', 'Vogel', '49187', 0),
('e9b1706e-ea32-49eb-ae46-ee8c2b8834ae', 'Paul', 'Hansen', '48739', 0),
('eca36609-b8e3-4a39-9c4a-732f87e2fe2f', 'Hannah', 'Schneider', '65231', 0),
('f3c3c6eb-b2cf-4981-8444-ec1b868bd616', 'Jonas', 'Zimmermann', '17364', 0),
('fcc5078f-b5e9-4eb9-aac8-0d86a60fe057', 'Max', 'Jung', '73294', 0),
('fe5d4ff6-6e48-453d-a2e2-694de35c3ab6', 'Tim', 'Beck', '74923', 0);

INSERT INTO `raum` (`id`, `bezeichnung`, `kennung`, `archiv`) VALUES
('180e0445-09a8-4a3a-af04-30dc8ca79227', 'Raum 3', 'R3', 0),
('403aec03-59e9-41cd-acbc-568c38cfd476', 'Raum 5', 'R5', 0),
('56912a38-d4ac-48a9-8200-e48ee3d2196d', 'Raum 4', 'R4', 0),
('9f1388b1-d0a6-4a78-b039-97736cac913b', 'Raum 2', 'R2', 0),
('b7cd28e1-0fa5-4e17-b309-7c8b4e287d1e', 'Aula', 'Aula', 0),
('cc9d0f41-f781-44d3-a608-d6af78ffdb9d', 'Raum 1', 'R1', 0);

INSERT INTO `raum_termin` (`raum_id`, `termin_id`) VALUES
('180e0445-09a8-4a3a-af04-30dc8ca79227', '062780cb-d0e7-4883-9d60-4bd70ac4a8f4'),
('180e0445-09a8-4a3a-af04-30dc8ca79227', '0a3efe57-6ad7-447e-a98f-09221aee1663'),
('180e0445-09a8-4a3a-af04-30dc8ca79227', '1879ea4b-b113-4d6e-b97b-87ddf25e236a'),
('180e0445-09a8-4a3a-af04-30dc8ca79227', '3f309bca-c0ef-4828-b289-f260700e69e8'),
('180e0445-09a8-4a3a-af04-30dc8ca79227', '5155e4a4-2756-4bd0-895d-183c5974cb8e'),
('180e0445-09a8-4a3a-af04-30dc8ca79227', '539be05b-9421-420c-8a17-5aef1bda6902'),
('180e0445-09a8-4a3a-af04-30dc8ca79227', '5975e4db-2f91-4894-8a85-7458390237e0'),
('180e0445-09a8-4a3a-af04-30dc8ca79227', '69ec4f81-501b-4126-8092-a8ffe1484437'),
('180e0445-09a8-4a3a-af04-30dc8ca79227', '70e3a5e1-e9de-47bc-b307-4f965de84ebc'),
('180e0445-09a8-4a3a-af04-30dc8ca79227', '84e40dee-12b9-4964-bea3-272ea031f964'),
('180e0445-09a8-4a3a-af04-30dc8ca79227', '92e0ea6e-9b6d-496d-9cde-c6c19ab4c113'),
('180e0445-09a8-4a3a-af04-30dc8ca79227', '93529f37-b46b-450d-a802-1a1b8757bbb8'),
('180e0445-09a8-4a3a-af04-30dc8ca79227', 'a09c913c-2192-4a38-895f-f660d26092ed'),
('180e0445-09a8-4a3a-af04-30dc8ca79227', 'bda9303c-a78d-4d9c-bb69-6c982147f590'),
('180e0445-09a8-4a3a-af04-30dc8ca79227', 'be212897-2e6a-481f-9afd-0d7cd5587604'),
('180e0445-09a8-4a3a-af04-30dc8ca79227', 'eae3d6e7-8301-40f3-99b8-09ac4a8252ee'),
('180e0445-09a8-4a3a-af04-30dc8ca79227', 'ec96944f-cac9-4f6f-b868-316bdc486037'),
('180e0445-09a8-4a3a-af04-30dc8ca79227', 'fc756cc4-859b-4364-abc9-20dd83569b63'),
('403aec03-59e9-41cd-acbc-568c38cfd476', '1860306e-359d-45eb-ac20-b82951ea2c11'),
('403aec03-59e9-41cd-acbc-568c38cfd476', '3ffd8768-1889-4add-a22f-d22a1e11aaad'),
('403aec03-59e9-41cd-acbc-568c38cfd476', '63775c43-3adc-4278-b795-9ec19f87727f'),
('403aec03-59e9-41cd-acbc-568c38cfd476', '68d8f35c-1921-4a09-82d6-023ffbf0f6ca'),
('403aec03-59e9-41cd-acbc-568c38cfd476', '9abd8590-d76a-481c-b505-ec2563b65c6f'),
('403aec03-59e9-41cd-acbc-568c38cfd476', '9bbab0df-62d4-4c7a-870b-e50901f37d4d'),
('403aec03-59e9-41cd-acbc-568c38cfd476', 'af444379-a7d9-4aff-84e3-e442891aefa5'),
('403aec03-59e9-41cd-acbc-568c38cfd476', 'b519586a-e73d-4850-861c-f8cef2afb00d'),
('403aec03-59e9-41cd-acbc-568c38cfd476', 'de566167-1f4f-44b3-aa77-e98982a0240d'),
('403aec03-59e9-41cd-acbc-568c38cfd476', 'e20a7be9-5cea-451b-be3d-b247d805ed99'),
('403aec03-59e9-41cd-acbc-568c38cfd476', 'ee36386f-fca2-4cbe-b985-24dc1a4dfea8'),
('56912a38-d4ac-48a9-8200-e48ee3d2196d', '03525a32-7ca3-4e6f-bee7-1d7d8304f752'),
('56912a38-d4ac-48a9-8200-e48ee3d2196d', '0500850a-6eb9-4a01-a2ca-36d013eee0d9'),
('56912a38-d4ac-48a9-8200-e48ee3d2196d', '172bb5e8-9d16-4396-bb06-7335d03aa7c3'),
('56912a38-d4ac-48a9-8200-e48ee3d2196d', '19d0b503-6dab-426f-927c-b407a4ba77e8'),
('56912a38-d4ac-48a9-8200-e48ee3d2196d', '2a4505a5-e360-454a-9a2e-d3b7fd1d4d3f'),
('56912a38-d4ac-48a9-8200-e48ee3d2196d', '33b662cf-410f-472b-9361-50ffb07e3bda'),
('56912a38-d4ac-48a9-8200-e48ee3d2196d', '3acd739e-75b7-4549-9b5f-5fd172184dd1'),
('56912a38-d4ac-48a9-8200-e48ee3d2196d', '4fa05e89-f56c-432a-a550-37d0cbc05503'),
('56912a38-d4ac-48a9-8200-e48ee3d2196d', '5cd2bbe8-777f-4bd0-bd7f-f3f3a7d5674d'),
('56912a38-d4ac-48a9-8200-e48ee3d2196d', '5dac228c-c3a0-4c78-a554-31918439b9ed'),
('56912a38-d4ac-48a9-8200-e48ee3d2196d', '7078c6f0-1a12-4bf8-89cb-85f8d35ca75e'),
('56912a38-d4ac-48a9-8200-e48ee3d2196d', '757b7dd0-272a-487f-9cbe-8960664b2bbe'),
('56912a38-d4ac-48a9-8200-e48ee3d2196d', '807ead53-f051-42d8-9ad5-7ef25a4675af'),
('56912a38-d4ac-48a9-8200-e48ee3d2196d', 'a9feb56c-88f9-442a-9f9e-25cd0d170220'),
('56912a38-d4ac-48a9-8200-e48ee3d2196d', 'cc9cdc92-9bef-4b3c-8f0c-37b763446667'),
('56912a38-d4ac-48a9-8200-e48ee3d2196d', 'cef9d030-02dd-4683-bedc-83fed4e2e762'),
('56912a38-d4ac-48a9-8200-e48ee3d2196d', 'd0a8d9a4-2e09-4964-b38e-52230d011820'),
('56912a38-d4ac-48a9-8200-e48ee3d2196d', 'd2986001-37ba-4666-93bc-dc0281b005f6'),
('9f1388b1-d0a6-4a78-b039-97736cac913b', '0f44d057-d256-4295-a4fe-fa623194c786'),
('9f1388b1-d0a6-4a78-b039-97736cac913b', '288e093f-b94b-4f62-95fc-9aeb91db4f38'),
('9f1388b1-d0a6-4a78-b039-97736cac913b', '2e748124-8457-450f-a093-4f31f4441ca0'),
('9f1388b1-d0a6-4a78-b039-97736cac913b', '326605ec-f5a6-4cf8-a619-56310da56e66'),
('9f1388b1-d0a6-4a78-b039-97736cac913b', '3b4accfe-86e4-488c-af37-5071e97a601e'),
('9f1388b1-d0a6-4a78-b039-97736cac913b', '5b16ff60-6219-44ec-b53f-afa7e91f286a'),
('9f1388b1-d0a6-4a78-b039-97736cac913b', '654dab35-850d-46bc-9e25-17b520030edb'),
('9f1388b1-d0a6-4a78-b039-97736cac913b', '7d7d6a78-b63a-4195-a1bb-6e08afbfa3b6'),
('9f1388b1-d0a6-4a78-b039-97736cac913b', '8f4f8511-30d4-47ac-a619-f828ce3b13cc'),
('9f1388b1-d0a6-4a78-b039-97736cac913b', '9352409a-479f-4b62-9beb-87d2d6c4c41f'),
('9f1388b1-d0a6-4a78-b039-97736cac913b', '97293f1d-5c84-4881-89e5-d748271faa45'),
('9f1388b1-d0a6-4a78-b039-97736cac913b', '9ab84f19-9c7f-4f3e-8f58-5a2a71d18e9a'),
('9f1388b1-d0a6-4a78-b039-97736cac913b', 'a1d55b0c-5688-43bf-98a3-62685f856bfc'),
('9f1388b1-d0a6-4a78-b039-97736cac913b', 'b94148c2-351f-498c-a235-a13dc13c9298'),
('9f1388b1-d0a6-4a78-b039-97736cac913b', 'c3644561-a6f1-4975-b950-86e9f77d4afc'),
('9f1388b1-d0a6-4a78-b039-97736cac913b', 'c658ba2b-aa4d-40be-9b6d-a71826605bbc'),
('9f1388b1-d0a6-4a78-b039-97736cac913b', 'd316f477-3cd8-4de2-b29f-ffd565e8c931'),
('9f1388b1-d0a6-4a78-b039-97736cac913b', 'e3885d8a-751d-40b6-bb09-8b1bfe9fb990'),
('9f1388b1-d0a6-4a78-b039-97736cac913b', 'e3b19575-78b2-45c7-81ad-cf7271e874a6'),
('b7cd28e1-0fa5-4e17-b309-7c8b4e287d1e', '0db221bd-cb69-4ec5-9cdd-6cdb1fda8938'),
('b7cd28e1-0fa5-4e17-b309-7c8b4e287d1e', '1137d21d-267f-4e32-9c8e-eb5f8fe49503'),
('b7cd28e1-0fa5-4e17-b309-7c8b4e287d1e', '20b8d430-0d15-4962-b741-045e54087b57'),
('b7cd28e1-0fa5-4e17-b309-7c8b4e287d1e', '228c90eb-c9a3-4a7b-bb81-28484a9d90a2'),
('b7cd28e1-0fa5-4e17-b309-7c8b4e287d1e', '2ced01d0-bff5-4778-b920-2eabfe910bda'),
('b7cd28e1-0fa5-4e17-b309-7c8b4e287d1e', '6b468551-768b-4104-8223-20a60af6484a'),
('b7cd28e1-0fa5-4e17-b309-7c8b4e287d1e', '7e674de9-ec40-444e-aa5c-93ba743bd4f2'),
('b7cd28e1-0fa5-4e17-b309-7c8b4e287d1e', '81128292-b064-4396-9df2-100d9972772f'),
('b7cd28e1-0fa5-4e17-b309-7c8b4e287d1e', '9192d185-eeb6-408c-ab46-7ab2e2f1d2da'),
('b7cd28e1-0fa5-4e17-b309-7c8b4e287d1e', 'ba8b06ac-faa1-4828-8b49-551b0bc4dd8e'),
('b7cd28e1-0fa5-4e17-b309-7c8b4e287d1e', 'cfbf5b8e-bb12-4ed5-a758-c5d2e3800398'),
('b7cd28e1-0fa5-4e17-b309-7c8b4e287d1e', 'f964ae9d-c0c4-4a89-ae25-2ae308ce15c4'),
('cc9d0f41-f781-44d3-a608-d6af78ffdb9d', '04476e0d-5955-4daf-8f6d-ce5b957f47e3'),
('cc9d0f41-f781-44d3-a608-d6af78ffdb9d', '271ca403-bbba-4d19-9960-5241b9a44687'),
('cc9d0f41-f781-44d3-a608-d6af78ffdb9d', '343faa9f-e3d7-450b-8e2a-fb04184ed4ed'),
('cc9d0f41-f781-44d3-a608-d6af78ffdb9d', '3b3c0865-817c-429c-9a95-1883cdf37878'),
('cc9d0f41-f781-44d3-a608-d6af78ffdb9d', '3ef02f61-79f9-4f3b-965d-0bad9e0362e9'),
('cc9d0f41-f781-44d3-a608-d6af78ffdb9d', '5fca93be-5f4d-42c9-a121-6800ab091cde'),
('cc9d0f41-f781-44d3-a608-d6af78ffdb9d', '69721265-a7ec-45fe-864c-f7e0cfb9e297'),
('cc9d0f41-f781-44d3-a608-d6af78ffdb9d', '882c1528-caef-4c1f-b5ea-31dacda8dc10'),
('cc9d0f41-f781-44d3-a608-d6af78ffdb9d', '9d959402-55f0-48c9-a85b-d00da2876520'),
('cc9d0f41-f781-44d3-a608-d6af78ffdb9d', 'b341da5d-3e9b-4a2d-8c1e-15054a7f871a'),
('cc9d0f41-f781-44d3-a608-d6af78ffdb9d', 'b3b193cc-22fb-4722-8fc5-ceabdd3456ca'),
('cc9d0f41-f781-44d3-a608-d6af78ffdb9d', 'b54adb4a-8898-4e9b-b9cf-c458ed57adbe'),
('cc9d0f41-f781-44d3-a608-d6af78ffdb9d', 'b7fa4eb7-0c1e-4629-bb0f-fb8e3d75abd3'),
('cc9d0f41-f781-44d3-a608-d6af78ffdb9d', 'c8943687-cc28-46b4-8f8b-a9f7d08caa95'),
('cc9d0f41-f781-44d3-a608-d6af78ffdb9d', 'd77fe066-c58e-4f00-8ec0-02a423d241ff'),
('cc9d0f41-f781-44d3-a608-d6af78ffdb9d', 'e2880c78-1367-4885-b14f-3f507ca8a97b'),
('cc9d0f41-f781-44d3-a608-d6af78ffdb9d', 'e51e9da3-d486-4f0c-81b4-8084085e4fa3'),
('cc9d0f41-f781-44d3-a608-d6af78ffdb9d', 'e720e8fa-cdaa-4cbf-89d4-6bfbadaac2a7'),
('cc9d0f41-f781-44d3-a608-d6af78ffdb9d', 'ef7772d3-1898-499e-8f0f-a26ef73d3637'),
('cc9d0f41-f781-44d3-a608-d6af78ffdb9d', 'f852a5b3-9d8f-4fcc-a645-6e5fffa52eeb'),
('cc9d0f41-f781-44d3-a608-d6af78ffdb9d', 'fb5a8f0d-4a38-42d6-b95a-cbf5472243b3');

INSERT INTO `teilnehmende_person_veranstaltung` (`veranstaltung_id`, `person_id`) VALUES
('04879527-055f-4766-b412-f67fd6f22dcf', '0a995a54-6423-42ed-8b68-63923146bc17'),
('04879527-055f-4766-b412-f67fd6f22dcf', '22ee2752-93d7-43a1-aa3d-5dde540f9d6f'),
('04879527-055f-4766-b412-f67fd6f22dcf', '242337c5-320f-471d-a279-ebede5987955'),
('04879527-055f-4766-b412-f67fd6f22dcf', '2513cef2-11bb-437d-989f-624557850e20'),
('04879527-055f-4766-b412-f67fd6f22dcf', '289bfbde-be31-4dd2-bdeb-c9c8e0dfdb01'),
('04879527-055f-4766-b412-f67fd6f22dcf', '3e3349d2-31c7-4580-b068-ecd1e3d5584d'),
('04879527-055f-4766-b412-f67fd6f22dcf', '3f834456-19a1-459f-ac88-e7f1a59f652e'),
('04879527-055f-4766-b412-f67fd6f22dcf', '4c009b7f-fcf3-45cf-946e-d593651c3c50'),
('04879527-055f-4766-b412-f67fd6f22dcf', '75a6b66d-06ea-4b44-9267-4dbe90d9c6f9'),
('04879527-055f-4766-b412-f67fd6f22dcf', '7dbb01e6-cbd8-4b87-a96a-e07f718990b1'),
('04879527-055f-4766-b412-f67fd6f22dcf', '7e1f6308-551e-459c-b128-e077c2cef2e7'),
('04879527-055f-4766-b412-f67fd6f22dcf', '81c70b6c-4a32-4f8e-a407-d4945e4c6e97'),
('04879527-055f-4766-b412-f67fd6f22dcf', '8e89196b-b29f-4fbd-bc9d-6f8bb92c1646'),
('04879527-055f-4766-b412-f67fd6f22dcf', 'a83e014a-8663-4322-a008-4fefa4c1d8f1'),
('04879527-055f-4766-b412-f67fd6f22dcf', 'b8b2f52b-0e0a-4de4-a0de-bb604bab160b'),
('04879527-055f-4766-b412-f67fd6f22dcf', 'c259d5ce-616a-4b58-a2fc-2084e6100ee9'),
('04879527-055f-4766-b412-f67fd6f22dcf', 'cf0e58a5-1854-4d58-aaa3-4844de72af15'),
('04879527-055f-4766-b412-f67fd6f22dcf', 'cffe5b16-d4ba-4acc-b286-a7cbe2a992b8'),
('04879527-055f-4766-b412-f67fd6f22dcf', 'd9d7d2a8-8678-4d40-92e2-009d7c17c3ab'),
('04879527-055f-4766-b412-f67fd6f22dcf', 'e972cc21-052c-48b9-86af-171738825388'),
('04879527-055f-4766-b412-f67fd6f22dcf', 'f3c3c6eb-b2cf-4981-8444-ec1b868bd616'),
('05d952fa-9ca3-4dc2-a303-346c2288373e', '101aa6f0-d006-48ca-82b9-d3d16d628573'),
('05d952fa-9ca3-4dc2-a303-346c2288373e', '289bfbde-be31-4dd2-bdeb-c9c8e0dfdb01'),
('05d952fa-9ca3-4dc2-a303-346c2288373e', '2d57c070-c18b-4b4a-bb0a-a7de49f7f679'),
('05d952fa-9ca3-4dc2-a303-346c2288373e', '2ddf6531-6696-46cf-b244-e14e90f1626d'),
('05d952fa-9ca3-4dc2-a303-346c2288373e', '2df0e3d1-a50b-4e06-95a9-e1ada74694b9'),
('05d952fa-9ca3-4dc2-a303-346c2288373e', '40d81b4c-812e-4a7f-8143-b0710b998cf9'),
('05d952fa-9ca3-4dc2-a303-346c2288373e', '46305be4-5e75-43ab-9c59-8254467fc105'),
('05d952fa-9ca3-4dc2-a303-346c2288373e', '4a92956f-cbf0-44b1-8ac3-06867449aae9'),
('05d952fa-9ca3-4dc2-a303-346c2288373e', '4cb97265-fe20-4f4d-951b-a85c24384721'),
('05d952fa-9ca3-4dc2-a303-346c2288373e', '512aad6d-cc43-40ec-a644-a128beda5956'),
('05d952fa-9ca3-4dc2-a303-346c2288373e', '5b904058-7020-4f59-bb8a-f90e9968c025'),
('05d952fa-9ca3-4dc2-a303-346c2288373e', '697cf7d6-9612-48d7-b21a-f9591decd77c'),
('05d952fa-9ca3-4dc2-a303-346c2288373e', '7bcb27df-5197-4fff-9fe9-5e799b9194f6'),
('05d952fa-9ca3-4dc2-a303-346c2288373e', '81e980d7-4aba-4a8f-9dde-9cae58972f9c'),
('05d952fa-9ca3-4dc2-a303-346c2288373e', '834b6d95-2376-49aa-a78e-28086a054bd1'),
('05d952fa-9ca3-4dc2-a303-346c2288373e', 'ae890506-590d-442f-834d-f289ea4d134c'),
('05d952fa-9ca3-4dc2-a303-346c2288373e', 'b42dc4f6-4301-42c3-ad51-7ec7965d16a8'),
('05d952fa-9ca3-4dc2-a303-346c2288373e', 'b8b2f52b-0e0a-4de4-a0de-bb604bab160b'),
('05d952fa-9ca3-4dc2-a303-346c2288373e', 'bcc44874-f40b-475f-9623-43ccb8373e30'),
('05d952fa-9ca3-4dc2-a303-346c2288373e', 'c130bdf6-83cc-4c05-aa36-166b254bf74a'),
('05d952fa-9ca3-4dc2-a303-346c2288373e', 'cc59c189-7a71-4632-92ad-e14e7df79c25'),
('05d952fa-9ca3-4dc2-a303-346c2288373e', 'cf0e58a5-1854-4d58-aaa3-4844de72af15'),
('05d952fa-9ca3-4dc2-a303-346c2288373e', 'dcd4afcc-9380-40ae-abfa-fa4533421ba7'),
('06de7e5d-39ca-4cca-8f8d-1ae2fb86d63b', '0a995a54-6423-42ed-8b68-63923146bc17'),
('06de7e5d-39ca-4cca-8f8d-1ae2fb86d63b', '22ee2752-93d7-43a1-aa3d-5dde540f9d6f'),
('06de7e5d-39ca-4cca-8f8d-1ae2fb86d63b', '242337c5-320f-471d-a279-ebede5987955'),
('06de7e5d-39ca-4cca-8f8d-1ae2fb86d63b', '2513cef2-11bb-437d-989f-624557850e20'),
('06de7e5d-39ca-4cca-8f8d-1ae2fb86d63b', '289bfbde-be31-4dd2-bdeb-c9c8e0dfdb01'),
('06de7e5d-39ca-4cca-8f8d-1ae2fb86d63b', '3e3349d2-31c7-4580-b068-ecd1e3d5584d'),
('06de7e5d-39ca-4cca-8f8d-1ae2fb86d63b', '3f834456-19a1-459f-ac88-e7f1a59f652e'),
('06de7e5d-39ca-4cca-8f8d-1ae2fb86d63b', '4c009b7f-fcf3-45cf-946e-d593651c3c50'),
('06de7e5d-39ca-4cca-8f8d-1ae2fb86d63b', '75a6b66d-06ea-4b44-9267-4dbe90d9c6f9'),
('06de7e5d-39ca-4cca-8f8d-1ae2fb86d63b', '7dbb01e6-cbd8-4b87-a96a-e07f718990b1'),
('06de7e5d-39ca-4cca-8f8d-1ae2fb86d63b', '7e1f6308-551e-459c-b128-e077c2cef2e7'),
('06de7e5d-39ca-4cca-8f8d-1ae2fb86d63b', '81c70b6c-4a32-4f8e-a407-d4945e4c6e97'),
('06de7e5d-39ca-4cca-8f8d-1ae2fb86d63b', '8e89196b-b29f-4fbd-bc9d-6f8bb92c1646'),
('06de7e5d-39ca-4cca-8f8d-1ae2fb86d63b', 'a83e014a-8663-4322-a008-4fefa4c1d8f1'),
('06de7e5d-39ca-4cca-8f8d-1ae2fb86d63b', 'b8b2f52b-0e0a-4de4-a0de-bb604bab160b'),
('06de7e5d-39ca-4cca-8f8d-1ae2fb86d63b', 'c259d5ce-616a-4b58-a2fc-2084e6100ee9'),
('06de7e5d-39ca-4cca-8f8d-1ae2fb86d63b', 'cffe5b16-d4ba-4acc-b286-a7cbe2a992b8'),
('06de7e5d-39ca-4cca-8f8d-1ae2fb86d63b', 'd9d7d2a8-8678-4d40-92e2-009d7c17c3ab'),
('06de7e5d-39ca-4cca-8f8d-1ae2fb86d63b', 'e972cc21-052c-48b9-86af-171738825388'),
('06de7e5d-39ca-4cca-8f8d-1ae2fb86d63b', 'f3c3c6eb-b2cf-4981-8444-ec1b868bd616'),
('10a9d702-585d-4205-9e79-18fede6d88db', '22f04445-e275-406d-bc2b-321b8fefd97f'),
('10a9d702-585d-4205-9e79-18fede6d88db', '32d2ff50-c9e1-467f-9954-fdc925fd9aae'),
('10a9d702-585d-4205-9e79-18fede6d88db', '50e7a97e-0fe1-46b2-a190-80d626326253'),
('10a9d702-585d-4205-9e79-18fede6d88db', '5d89cbc5-9858-47b2-937b-9eaadd834203'),
('10a9d702-585d-4205-9e79-18fede6d88db', '63b1d334-0e23-407d-9dfd-62e2b885db9d'),
('10a9d702-585d-4205-9e79-18fede6d88db', '75469fa7-4020-4eb7-b702-eeea086de4b6'),
('10a9d702-585d-4205-9e79-18fede6d88db', '8e52b383-d2de-41ee-93df-3b6acef468c6'),
('10a9d702-585d-4205-9e79-18fede6d88db', '9fe5c3c3-59a3-4760-bfeb-729060a6a7d8'),
('10a9d702-585d-4205-9e79-18fede6d88db', 'a403f082-8cf2-47d7-8fbe-a2db0fba90a3'),
('10a9d702-585d-4205-9e79-18fede6d88db', 'a8ba69bb-e000-4c00-885d-c66ca952c042'),
('10a9d702-585d-4205-9e79-18fede6d88db', 'ab480d8d-7fb4-481a-90f8-923c236e1fc5'),
('10a9d702-585d-4205-9e79-18fede6d88db', 'ba3dcb33-6911-4715-af24-f3b5319c129c'),
('10a9d702-585d-4205-9e79-18fede6d88db', 'c14871d9-9bb2-4821-9684-f5240077de7b'),
('10a9d702-585d-4205-9e79-18fede6d88db', 'c4d9eb48-a4d1-41f4-a66a-cfaf8cac2061'),
('10a9d702-585d-4205-9e79-18fede6d88db', 'd17bba28-195c-4d7d-8b55-34bf604284cb'),
('10a9d702-585d-4205-9e79-18fede6d88db', 'e9b1706e-ea32-49eb-ae46-ee8c2b8834ae'),
('10a9d702-585d-4205-9e79-18fede6d88db', 'fcc5078f-b5e9-4eb9-aac8-0d86a60fe057'),
('10a9d702-585d-4205-9e79-18fede6d88db', 'fe5d4ff6-6e48-453d-a2e2-694de35c3ab6'),
('140be3a7-e1c3-4497-9394-e0a5dd7c9cd9', '101aa6f0-d006-48ca-82b9-d3d16d628573'),
('140be3a7-e1c3-4497-9394-e0a5dd7c9cd9', '2d57c070-c18b-4b4a-bb0a-a7de49f7f679'),
('140be3a7-e1c3-4497-9394-e0a5dd7c9cd9', '2ddf6531-6696-46cf-b244-e14e90f1626d'),
('140be3a7-e1c3-4497-9394-e0a5dd7c9cd9', '40d81b4c-812e-4a7f-8143-b0710b998cf9'),
('140be3a7-e1c3-4497-9394-e0a5dd7c9cd9', '5b904058-7020-4f59-bb8a-f90e9968c025'),
('140be3a7-e1c3-4497-9394-e0a5dd7c9cd9', '697cf7d6-9612-48d7-b21a-f9591decd77c'),
('140be3a7-e1c3-4497-9394-e0a5dd7c9cd9', '7bcb27df-5197-4fff-9fe9-5e799b9194f6'),
('140be3a7-e1c3-4497-9394-e0a5dd7c9cd9', '81e980d7-4aba-4a8f-9dde-9cae58972f9c'),
('140be3a7-e1c3-4497-9394-e0a5dd7c9cd9', '834b6d95-2376-49aa-a78e-28086a054bd1'),
('140be3a7-e1c3-4497-9394-e0a5dd7c9cd9', 'ae890506-590d-442f-834d-f289ea4d134c'),
('140be3a7-e1c3-4497-9394-e0a5dd7c9cd9', 'bcc44874-f40b-475f-9623-43ccb8373e30'),
('140be3a7-e1c3-4497-9394-e0a5dd7c9cd9', 'cc59c189-7a71-4632-92ad-e14e7df79c25'),
('1855491d-b458-41ae-b9b8-240b2c03617b', '0460cd0f-aaef-44c4-9763-3d65d25b86aa'),
('1855491d-b458-41ae-b9b8-240b2c03617b', '08db938e-a773-4e78-a0bf-5dd74bfdaae8'),
('1855491d-b458-41ae-b9b8-240b2c03617b', '1f6c61b8-8240-4252-8f2f-0edc31a77f2d'),
('1855491d-b458-41ae-b9b8-240b2c03617b', '203c947c-fc98-46b2-8713-a5c08d6ff3e7'),
('1855491d-b458-41ae-b9b8-240b2c03617b', '23be50e8-a63b-4ae3-83f5-a1bfbd5c8e55'),
('1855491d-b458-41ae-b9b8-240b2c03617b', '42be4995-8100-4582-85a8-1e36b2f11780'),
('1855491d-b458-41ae-b9b8-240b2c03617b', '5780c6db-480d-4c65-8ba6-04c16f8b5aa8'),
('1855491d-b458-41ae-b9b8-240b2c03617b', 'b4bcb6a5-4717-45a9-bcd6-8582462bbe18'),
('1855491d-b458-41ae-b9b8-240b2c03617b', 'b9c80e37-a537-49d2-8420-d52487e67277'),
('1855491d-b458-41ae-b9b8-240b2c03617b', 'ccf8cc4c-087c-49ae-b5fd-ab24d6238f72'),
('1855491d-b458-41ae-b9b8-240b2c03617b', 'cd2e33d8-33ea-4624-ae9a-4fff77f5cf69'),
('1a695850-83cf-4aac-bacf-b54566fe63fd', '13e1e382-358c-4b6c-a611-26bdeb3234e5'),
('1a695850-83cf-4aac-bacf-b54566fe63fd', '14b06cad-c13b-48f2-a318-40bb57759235'),
('1a695850-83cf-4aac-bacf-b54566fe63fd', '17e55e9a-e3b9-4a1e-a332-f1bfa08d4d4b'),
('1a695850-83cf-4aac-bacf-b54566fe63fd', '2df0e3d1-a50b-4e06-95a9-e1ada74694b9'),
('1a695850-83cf-4aac-bacf-b54566fe63fd', '3a645b51-8c77-4989-9704-d78f9d360b37'),
('1a695850-83cf-4aac-bacf-b54566fe63fd', '41206e05-ea63-46ad-8d18-ea1d53b09894'),
('1a695850-83cf-4aac-bacf-b54566fe63fd', '46305be4-5e75-43ab-9c59-8254467fc105'),
('1a695850-83cf-4aac-bacf-b54566fe63fd', '4a92956f-cbf0-44b1-8ac3-06867449aae9'),
('1a695850-83cf-4aac-bacf-b54566fe63fd', '4cb97265-fe20-4f4d-951b-a85c24384721'),
('1a695850-83cf-4aac-bacf-b54566fe63fd', '512aad6d-cc43-40ec-a644-a128beda5956'),
('1a695850-83cf-4aac-bacf-b54566fe63fd', '52233d17-99b9-496c-a725-4b6f142a974e'),
('1a695850-83cf-4aac-bacf-b54566fe63fd', '9a93d922-0269-4b86-a9e9-40e4c07587ba'),
('1a695850-83cf-4aac-bacf-b54566fe63fd', '9ab7c536-2103-4aa4-87ca-28e3e58213ad'),
('1a695850-83cf-4aac-bacf-b54566fe63fd', 'b42dc4f6-4301-42c3-ad51-7ec7965d16a8'),
('1a695850-83cf-4aac-bacf-b54566fe63fd', 'b8d6f347-779e-4a26-b503-a44554a28886'),
('1a695850-83cf-4aac-bacf-b54566fe63fd', 'c130bdf6-83cc-4c05-aa36-166b254bf74a'),
('1a695850-83cf-4aac-bacf-b54566fe63fd', 'cf0e58a5-1854-4d58-aaa3-4844de72af15'),
('1a695850-83cf-4aac-bacf-b54566fe63fd', 'dcd4afcc-9380-40ae-abfa-fa4533421ba7'),
('1a695850-83cf-4aac-bacf-b54566fe63fd', 'eca36609-b8e3-4a39-9c4a-732f87e2fe2f'),
('2c492d27-dc29-4b6d-944a-367e90a7e899', '13e1e382-358c-4b6c-a611-26bdeb3234e5'),
('2c492d27-dc29-4b6d-944a-367e90a7e899', '14b06cad-c13b-48f2-a318-40bb57759235'),
('2c492d27-dc29-4b6d-944a-367e90a7e899', '17e55e9a-e3b9-4a1e-a332-f1bfa08d4d4b'),
('2c492d27-dc29-4b6d-944a-367e90a7e899', '2df0e3d1-a50b-4e06-95a9-e1ada74694b9'),
('2c492d27-dc29-4b6d-944a-367e90a7e899', '3a645b51-8c77-4989-9704-d78f9d360b37'),
('2c492d27-dc29-4b6d-944a-367e90a7e899', '41206e05-ea63-46ad-8d18-ea1d53b09894'),
('2c492d27-dc29-4b6d-944a-367e90a7e899', '46305be4-5e75-43ab-9c59-8254467fc105'),
('2c492d27-dc29-4b6d-944a-367e90a7e899', '4a92956f-cbf0-44b1-8ac3-06867449aae9'),
('2c492d27-dc29-4b6d-944a-367e90a7e899', '4cb97265-fe20-4f4d-951b-a85c24384721'),
('2c492d27-dc29-4b6d-944a-367e90a7e899', '512aad6d-cc43-40ec-a644-a128beda5956'),
('2c492d27-dc29-4b6d-944a-367e90a7e899', '52233d17-99b9-496c-a725-4b6f142a974e'),
('2c492d27-dc29-4b6d-944a-367e90a7e899', '9a93d922-0269-4b86-a9e9-40e4c07587ba'),
('2c492d27-dc29-4b6d-944a-367e90a7e899', '9ab7c536-2103-4aa4-87ca-28e3e58213ad'),
('2c492d27-dc29-4b6d-944a-367e90a7e899', 'b42dc4f6-4301-42c3-ad51-7ec7965d16a8'),
('2c492d27-dc29-4b6d-944a-367e90a7e899', 'b8d6f347-779e-4a26-b503-a44554a28886'),
('2c492d27-dc29-4b6d-944a-367e90a7e899', 'c130bdf6-83cc-4c05-aa36-166b254bf74a'),
('2c492d27-dc29-4b6d-944a-367e90a7e899', 'cf0e58a5-1854-4d58-aaa3-4844de72af15'),
('2c492d27-dc29-4b6d-944a-367e90a7e899', 'dcd4afcc-9380-40ae-abfa-fa4533421ba7'),
('2c492d27-dc29-4b6d-944a-367e90a7e899', 'eca36609-b8e3-4a39-9c4a-732f87e2fe2f'),
('372fa62b-b1eb-45ea-a8f6-dc2ce2b69de8', '0a995a54-6423-42ed-8b68-63923146bc17'),
('372fa62b-b1eb-45ea-a8f6-dc2ce2b69de8', '22ee2752-93d7-43a1-aa3d-5dde540f9d6f'),
('372fa62b-b1eb-45ea-a8f6-dc2ce2b69de8', '242337c5-320f-471d-a279-ebede5987955'),
('372fa62b-b1eb-45ea-a8f6-dc2ce2b69de8', '2513cef2-11bb-437d-989f-624557850e20'),
('372fa62b-b1eb-45ea-a8f6-dc2ce2b69de8', '289bfbde-be31-4dd2-bdeb-c9c8e0dfdb01'),
('372fa62b-b1eb-45ea-a8f6-dc2ce2b69de8', '3e3349d2-31c7-4580-b068-ecd1e3d5584d'),
('372fa62b-b1eb-45ea-a8f6-dc2ce2b69de8', '3f834456-19a1-459f-ac88-e7f1a59f652e'),
('372fa62b-b1eb-45ea-a8f6-dc2ce2b69de8', '4c009b7f-fcf3-45cf-946e-d593651c3c50'),
('372fa62b-b1eb-45ea-a8f6-dc2ce2b69de8', '75a6b66d-06ea-4b44-9267-4dbe90d9c6f9'),
('372fa62b-b1eb-45ea-a8f6-dc2ce2b69de8', '7dbb01e6-cbd8-4b87-a96a-e07f718990b1'),
('372fa62b-b1eb-45ea-a8f6-dc2ce2b69de8', '7e1f6308-551e-459c-b128-e077c2cef2e7'),
('372fa62b-b1eb-45ea-a8f6-dc2ce2b69de8', '81c70b6c-4a32-4f8e-a407-d4945e4c6e97'),
('372fa62b-b1eb-45ea-a8f6-dc2ce2b69de8', '8e89196b-b29f-4fbd-bc9d-6f8bb92c1646'),
('372fa62b-b1eb-45ea-a8f6-dc2ce2b69de8', 'a83e014a-8663-4322-a008-4fefa4c1d8f1'),
('372fa62b-b1eb-45ea-a8f6-dc2ce2b69de8', 'b8b2f52b-0e0a-4de4-a0de-bb604bab160b'),
('372fa62b-b1eb-45ea-a8f6-dc2ce2b69de8', 'c259d5ce-616a-4b58-a2fc-2084e6100ee9'),
('372fa62b-b1eb-45ea-a8f6-dc2ce2b69de8', 'cffe5b16-d4ba-4acc-b286-a7cbe2a992b8'),
('372fa62b-b1eb-45ea-a8f6-dc2ce2b69de8', 'd9d7d2a8-8678-4d40-92e2-009d7c17c3ab'),
('372fa62b-b1eb-45ea-a8f6-dc2ce2b69de8', 'e972cc21-052c-48b9-86af-171738825388'),
('372fa62b-b1eb-45ea-a8f6-dc2ce2b69de8', 'f3c3c6eb-b2cf-4981-8444-ec1b868bd616'),
('3e77175f-d321-49b4-907f-604952202330', '0a995a54-6423-42ed-8b68-63923146bc17'),
('3e77175f-d321-49b4-907f-604952202330', '22ee2752-93d7-43a1-aa3d-5dde540f9d6f'),
('3e77175f-d321-49b4-907f-604952202330', '242337c5-320f-471d-a279-ebede5987955'),
('3e77175f-d321-49b4-907f-604952202330', '2513cef2-11bb-437d-989f-624557850e20'),
('3e77175f-d321-49b4-907f-604952202330', '289bfbde-be31-4dd2-bdeb-c9c8e0dfdb01'),
('3e77175f-d321-49b4-907f-604952202330', '3e3349d2-31c7-4580-b068-ecd1e3d5584d'),
('3e77175f-d321-49b4-907f-604952202330', '3f834456-19a1-459f-ac88-e7f1a59f652e'),
('3e77175f-d321-49b4-907f-604952202330', '4c009b7f-fcf3-45cf-946e-d593651c3c50'),
('3e77175f-d321-49b4-907f-604952202330', '75a6b66d-06ea-4b44-9267-4dbe90d9c6f9'),
('3e77175f-d321-49b4-907f-604952202330', '7dbb01e6-cbd8-4b87-a96a-e07f718990b1'),
('3e77175f-d321-49b4-907f-604952202330', '7e1f6308-551e-459c-b128-e077c2cef2e7'),
('3e77175f-d321-49b4-907f-604952202330', '81c70b6c-4a32-4f8e-a407-d4945e4c6e97'),
('3e77175f-d321-49b4-907f-604952202330', '8e89196b-b29f-4fbd-bc9d-6f8bb92c1646'),
('3e77175f-d321-49b4-907f-604952202330', 'a83e014a-8663-4322-a008-4fefa4c1d8f1'),
('3e77175f-d321-49b4-907f-604952202330', 'b8b2f52b-0e0a-4de4-a0de-bb604bab160b'),
('3e77175f-d321-49b4-907f-604952202330', 'c259d5ce-616a-4b58-a2fc-2084e6100ee9'),
('3e77175f-d321-49b4-907f-604952202330', 'cffe5b16-d4ba-4acc-b286-a7cbe2a992b8'),
('3e77175f-d321-49b4-907f-604952202330', 'd9d7d2a8-8678-4d40-92e2-009d7c17c3ab'),
('3e77175f-d321-49b4-907f-604952202330', 'e972cc21-052c-48b9-86af-171738825388'),
('3e77175f-d321-49b4-907f-604952202330', 'f3c3c6eb-b2cf-4981-8444-ec1b868bd616'),
('4b75e344-868a-4646-889c-06b0046fce2d', '101aa6f0-d006-48ca-82b9-d3d16d628573'),
('4b75e344-868a-4646-889c-06b0046fce2d', '2d57c070-c18b-4b4a-bb0a-a7de49f7f679'),
('4b75e344-868a-4646-889c-06b0046fce2d', '2ddf6531-6696-46cf-b244-e14e90f1626d'),
('4b75e344-868a-4646-889c-06b0046fce2d', '40d81b4c-812e-4a7f-8143-b0710b998cf9'),
('4b75e344-868a-4646-889c-06b0046fce2d', '5b904058-7020-4f59-bb8a-f90e9968c025'),
('4b75e344-868a-4646-889c-06b0046fce2d', '697cf7d6-9612-48d7-b21a-f9591decd77c'),
('4b75e344-868a-4646-889c-06b0046fce2d', '7bcb27df-5197-4fff-9fe9-5e799b9194f6'),
('4b75e344-868a-4646-889c-06b0046fce2d', '81e980d7-4aba-4a8f-9dde-9cae58972f9c'),
('4b75e344-868a-4646-889c-06b0046fce2d', '834b6d95-2376-49aa-a78e-28086a054bd1'),
('4b75e344-868a-4646-889c-06b0046fce2d', 'ae890506-590d-442f-834d-f289ea4d134c'),
('4b75e344-868a-4646-889c-06b0046fce2d', 'bcc44874-f40b-475f-9623-43ccb8373e30'),
('4b75e344-868a-4646-889c-06b0046fce2d', 'cc59c189-7a71-4632-92ad-e14e7df79c25'),
('70be2749-0578-4107-8997-e072462f0dc1', '13e1e382-358c-4b6c-a611-26bdeb3234e5'),
('70be2749-0578-4107-8997-e072462f0dc1', '14b06cad-c13b-48f2-a318-40bb57759235'),
('70be2749-0578-4107-8997-e072462f0dc1', '17e55e9a-e3b9-4a1e-a332-f1bfa08d4d4b'),
('70be2749-0578-4107-8997-e072462f0dc1', '2df0e3d1-a50b-4e06-95a9-e1ada74694b9'),
('70be2749-0578-4107-8997-e072462f0dc1', '3a645b51-8c77-4989-9704-d78f9d360b37'),
('70be2749-0578-4107-8997-e072462f0dc1', '41206e05-ea63-46ad-8d18-ea1d53b09894'),
('70be2749-0578-4107-8997-e072462f0dc1', '46305be4-5e75-43ab-9c59-8254467fc105'),
('70be2749-0578-4107-8997-e072462f0dc1', '4a92956f-cbf0-44b1-8ac3-06867449aae9'),
('70be2749-0578-4107-8997-e072462f0dc1', '4cb97265-fe20-4f4d-951b-a85c24384721'),
('70be2749-0578-4107-8997-e072462f0dc1', '512aad6d-cc43-40ec-a644-a128beda5956'),
('70be2749-0578-4107-8997-e072462f0dc1', '52233d17-99b9-496c-a725-4b6f142a974e'),
('70be2749-0578-4107-8997-e072462f0dc1', '9a93d922-0269-4b86-a9e9-40e4c07587ba'),
('70be2749-0578-4107-8997-e072462f0dc1', '9ab7c536-2103-4aa4-87ca-28e3e58213ad'),
('70be2749-0578-4107-8997-e072462f0dc1', 'b42dc4f6-4301-42c3-ad51-7ec7965d16a8'),
('70be2749-0578-4107-8997-e072462f0dc1', 'b8d6f347-779e-4a26-b503-a44554a28886'),
('70be2749-0578-4107-8997-e072462f0dc1', 'c130bdf6-83cc-4c05-aa36-166b254bf74a'),
('70be2749-0578-4107-8997-e072462f0dc1', 'cf0e58a5-1854-4d58-aaa3-4844de72af15'),
('70be2749-0578-4107-8997-e072462f0dc1', 'dcd4afcc-9380-40ae-abfa-fa4533421ba7'),
('70be2749-0578-4107-8997-e072462f0dc1', 'eca36609-b8e3-4a39-9c4a-732f87e2fe2f'),
('72a3a95f-e201-4579-84c6-5a9790ea386c', '101aa6f0-d006-48ca-82b9-d3d16d628573'),
('72a3a95f-e201-4579-84c6-5a9790ea386c', '2d57c070-c18b-4b4a-bb0a-a7de49f7f679'),
('72a3a95f-e201-4579-84c6-5a9790ea386c', '2ddf6531-6696-46cf-b244-e14e90f1626d'),
('72a3a95f-e201-4579-84c6-5a9790ea386c', '40d81b4c-812e-4a7f-8143-b0710b998cf9'),
('72a3a95f-e201-4579-84c6-5a9790ea386c', '5b904058-7020-4f59-bb8a-f90e9968c025'),
('72a3a95f-e201-4579-84c6-5a9790ea386c', '697cf7d6-9612-48d7-b21a-f9591decd77c'),
('72a3a95f-e201-4579-84c6-5a9790ea386c', '7bcb27df-5197-4fff-9fe9-5e799b9194f6'),
('72a3a95f-e201-4579-84c6-5a9790ea386c', '81e980d7-4aba-4a8f-9dde-9cae58972f9c'),
('72a3a95f-e201-4579-84c6-5a9790ea386c', '834b6d95-2376-49aa-a78e-28086a054bd1'),
('72a3a95f-e201-4579-84c6-5a9790ea386c', 'ae890506-590d-442f-834d-f289ea4d134c'),
('72a3a95f-e201-4579-84c6-5a9790ea386c', 'bcc44874-f40b-475f-9623-43ccb8373e30'),
('72a3a95f-e201-4579-84c6-5a9790ea386c', 'cc59c189-7a71-4632-92ad-e14e7df79c25'),
('9672e965-93bf-4dfb-b3e0-10bb53fe241d', '0a995a54-6423-42ed-8b68-63923146bc17'),
('9672e965-93bf-4dfb-b3e0-10bb53fe241d', '22ee2752-93d7-43a1-aa3d-5dde540f9d6f'),
('9672e965-93bf-4dfb-b3e0-10bb53fe241d', '242337c5-320f-471d-a279-ebede5987955'),
('9672e965-93bf-4dfb-b3e0-10bb53fe241d', '2513cef2-11bb-437d-989f-624557850e20'),
('9672e965-93bf-4dfb-b3e0-10bb53fe241d', '289bfbde-be31-4dd2-bdeb-c9c8e0dfdb01'),
('9672e965-93bf-4dfb-b3e0-10bb53fe241d', '3e3349d2-31c7-4580-b068-ecd1e3d5584d'),
('9672e965-93bf-4dfb-b3e0-10bb53fe241d', '3f834456-19a1-459f-ac88-e7f1a59f652e'),
('9672e965-93bf-4dfb-b3e0-10bb53fe241d', '4c009b7f-fcf3-45cf-946e-d593651c3c50'),
('9672e965-93bf-4dfb-b3e0-10bb53fe241d', '75a6b66d-06ea-4b44-9267-4dbe90d9c6f9'),
('9672e965-93bf-4dfb-b3e0-10bb53fe241d', '7dbb01e6-cbd8-4b87-a96a-e07f718990b1'),
('9672e965-93bf-4dfb-b3e0-10bb53fe241d', '7e1f6308-551e-459c-b128-e077c2cef2e7'),
('9672e965-93bf-4dfb-b3e0-10bb53fe241d', '81c70b6c-4a32-4f8e-a407-d4945e4c6e97'),
('9672e965-93bf-4dfb-b3e0-10bb53fe241d', '8e89196b-b29f-4fbd-bc9d-6f8bb92c1646'),
('9672e965-93bf-4dfb-b3e0-10bb53fe241d', 'a83e014a-8663-4322-a008-4fefa4c1d8f1'),
('9672e965-93bf-4dfb-b3e0-10bb53fe241d', 'b8b2f52b-0e0a-4de4-a0de-bb604bab160b'),
('9672e965-93bf-4dfb-b3e0-10bb53fe241d', 'c259d5ce-616a-4b58-a2fc-2084e6100ee9'),
('9672e965-93bf-4dfb-b3e0-10bb53fe241d', 'cffe5b16-d4ba-4acc-b286-a7cbe2a992b8'),
('9672e965-93bf-4dfb-b3e0-10bb53fe241d', 'd9d7d2a8-8678-4d40-92e2-009d7c17c3ab'),
('9672e965-93bf-4dfb-b3e0-10bb53fe241d', 'e972cc21-052c-48b9-86af-171738825388'),
('9672e965-93bf-4dfb-b3e0-10bb53fe241d', 'f3c3c6eb-b2cf-4981-8444-ec1b868bd616'),
('a2423782-327e-4e02-96ce-04f615dd2ebb', '0a995a54-6423-42ed-8b68-63923146bc17'),
('a2423782-327e-4e02-96ce-04f615dd2ebb', '22ee2752-93d7-43a1-aa3d-5dde540f9d6f'),
('a2423782-327e-4e02-96ce-04f615dd2ebb', '242337c5-320f-471d-a279-ebede5987955'),
('a2423782-327e-4e02-96ce-04f615dd2ebb', '2513cef2-11bb-437d-989f-624557850e20'),
('a2423782-327e-4e02-96ce-04f615dd2ebb', '289bfbde-be31-4dd2-bdeb-c9c8e0dfdb01'),
('a2423782-327e-4e02-96ce-04f615dd2ebb', '3e3349d2-31c7-4580-b068-ecd1e3d5584d'),
('a2423782-327e-4e02-96ce-04f615dd2ebb', '3f834456-19a1-459f-ac88-e7f1a59f652e'),
('a2423782-327e-4e02-96ce-04f615dd2ebb', '4c009b7f-fcf3-45cf-946e-d593651c3c50'),
('a2423782-327e-4e02-96ce-04f615dd2ebb', '75a6b66d-06ea-4b44-9267-4dbe90d9c6f9'),
('a2423782-327e-4e02-96ce-04f615dd2ebb', '7dbb01e6-cbd8-4b87-a96a-e07f718990b1'),
('a2423782-327e-4e02-96ce-04f615dd2ebb', '7e1f6308-551e-459c-b128-e077c2cef2e7'),
('a2423782-327e-4e02-96ce-04f615dd2ebb', '81c70b6c-4a32-4f8e-a407-d4945e4c6e97'),
('a2423782-327e-4e02-96ce-04f615dd2ebb', '8e89196b-b29f-4fbd-bc9d-6f8bb92c1646'),
('a2423782-327e-4e02-96ce-04f615dd2ebb', 'a83e014a-8663-4322-a008-4fefa4c1d8f1'),
('a2423782-327e-4e02-96ce-04f615dd2ebb', 'b8b2f52b-0e0a-4de4-a0de-bb604bab160b'),
('a2423782-327e-4e02-96ce-04f615dd2ebb', 'c259d5ce-616a-4b58-a2fc-2084e6100ee9'),
('a2423782-327e-4e02-96ce-04f615dd2ebb', 'cffe5b16-d4ba-4acc-b286-a7cbe2a992b8'),
('a2423782-327e-4e02-96ce-04f615dd2ebb', 'd9d7d2a8-8678-4d40-92e2-009d7c17c3ab'),
('a2423782-327e-4e02-96ce-04f615dd2ebb', 'e972cc21-052c-48b9-86af-171738825388'),
('a2423782-327e-4e02-96ce-04f615dd2ebb', 'f3c3c6eb-b2cf-4981-8444-ec1b868bd616'),
('a4c06a64-cb3f-4df9-924a-e43230432008', '101aa6f0-d006-48ca-82b9-d3d16d628573'),
('a4c06a64-cb3f-4df9-924a-e43230432008', '2d57c070-c18b-4b4a-bb0a-a7de49f7f679'),
('a4c06a64-cb3f-4df9-924a-e43230432008', '2ddf6531-6696-46cf-b244-e14e90f1626d'),
('a4c06a64-cb3f-4df9-924a-e43230432008', '40d81b4c-812e-4a7f-8143-b0710b998cf9'),
('a4c06a64-cb3f-4df9-924a-e43230432008', '5b904058-7020-4f59-bb8a-f90e9968c025'),
('a4c06a64-cb3f-4df9-924a-e43230432008', '697cf7d6-9612-48d7-b21a-f9591decd77c'),
('a4c06a64-cb3f-4df9-924a-e43230432008', '7bcb27df-5197-4fff-9fe9-5e799b9194f6'),
('a4c06a64-cb3f-4df9-924a-e43230432008', '81e980d7-4aba-4a8f-9dde-9cae58972f9c'),
('a4c06a64-cb3f-4df9-924a-e43230432008', '834b6d95-2376-49aa-a78e-28086a054bd1'),
('a4c06a64-cb3f-4df9-924a-e43230432008', 'ae890506-590d-442f-834d-f289ea4d134c'),
('a4c06a64-cb3f-4df9-924a-e43230432008', 'bcc44874-f40b-475f-9623-43ccb8373e30'),
('a4c06a64-cb3f-4df9-924a-e43230432008', 'cc59c189-7a71-4632-92ad-e14e7df79c25'),
('a9d5a632-c520-4529-9718-fdbe206360e4', '0a995a54-6423-42ed-8b68-63923146bc17'),
('a9d5a632-c520-4529-9718-fdbe206360e4', '22ee2752-93d7-43a1-aa3d-5dde540f9d6f'),
('a9d5a632-c520-4529-9718-fdbe206360e4', '242337c5-320f-471d-a279-ebede5987955'),
('a9d5a632-c520-4529-9718-fdbe206360e4', '2513cef2-11bb-437d-989f-624557850e20'),
('a9d5a632-c520-4529-9718-fdbe206360e4', '289bfbde-be31-4dd2-bdeb-c9c8e0dfdb01'),
('a9d5a632-c520-4529-9718-fdbe206360e4', '3e3349d2-31c7-4580-b068-ecd1e3d5584d'),
('a9d5a632-c520-4529-9718-fdbe206360e4', '3f834456-19a1-459f-ac88-e7f1a59f652e'),
('a9d5a632-c520-4529-9718-fdbe206360e4', '4c009b7f-fcf3-45cf-946e-d593651c3c50'),
('a9d5a632-c520-4529-9718-fdbe206360e4', '75a6b66d-06ea-4b44-9267-4dbe90d9c6f9'),
('a9d5a632-c520-4529-9718-fdbe206360e4', '7dbb01e6-cbd8-4b87-a96a-e07f718990b1'),
('a9d5a632-c520-4529-9718-fdbe206360e4', '7e1f6308-551e-459c-b128-e077c2cef2e7'),
('a9d5a632-c520-4529-9718-fdbe206360e4', '81c70b6c-4a32-4f8e-a407-d4945e4c6e97'),
('a9d5a632-c520-4529-9718-fdbe206360e4', '8e89196b-b29f-4fbd-bc9d-6f8bb92c1646'),
('a9d5a632-c520-4529-9718-fdbe206360e4', 'a83e014a-8663-4322-a008-4fefa4c1d8f1'),
('a9d5a632-c520-4529-9718-fdbe206360e4', 'b8b2f52b-0e0a-4de4-a0de-bb604bab160b'),
('a9d5a632-c520-4529-9718-fdbe206360e4', 'c259d5ce-616a-4b58-a2fc-2084e6100ee9'),
('a9d5a632-c520-4529-9718-fdbe206360e4', 'cffe5b16-d4ba-4acc-b286-a7cbe2a992b8'),
('a9d5a632-c520-4529-9718-fdbe206360e4', 'd9d7d2a8-8678-4d40-92e2-009d7c17c3ab'),
('a9d5a632-c520-4529-9718-fdbe206360e4', 'e972cc21-052c-48b9-86af-171738825388'),
('a9d5a632-c520-4529-9718-fdbe206360e4', 'f3c3c6eb-b2cf-4981-8444-ec1b868bd616'),
('aac24649-9be6-4f47-a7a1-1670471a17c1', '22f04445-e275-406d-bc2b-321b8fefd97f'),
('aac24649-9be6-4f47-a7a1-1670471a17c1', '32d2ff50-c9e1-467f-9954-fdc925fd9aae'),
('aac24649-9be6-4f47-a7a1-1670471a17c1', '50e7a97e-0fe1-46b2-a190-80d626326253'),
('aac24649-9be6-4f47-a7a1-1670471a17c1', '5d89cbc5-9858-47b2-937b-9eaadd834203'),
('aac24649-9be6-4f47-a7a1-1670471a17c1', '63b1d334-0e23-407d-9dfd-62e2b885db9d'),
('aac24649-9be6-4f47-a7a1-1670471a17c1', '75469fa7-4020-4eb7-b702-eeea086de4b6'),
('aac24649-9be6-4f47-a7a1-1670471a17c1', '8e52b383-d2de-41ee-93df-3b6acef468c6'),
('aac24649-9be6-4f47-a7a1-1670471a17c1', '9fe5c3c3-59a3-4760-bfeb-729060a6a7d8'),
('aac24649-9be6-4f47-a7a1-1670471a17c1', 'a403f082-8cf2-47d7-8fbe-a2db0fba90a3'),
('aac24649-9be6-4f47-a7a1-1670471a17c1', 'a8ba69bb-e000-4c00-885d-c66ca952c042'),
('aac24649-9be6-4f47-a7a1-1670471a17c1', 'ab480d8d-7fb4-481a-90f8-923c236e1fc5'),
('aac24649-9be6-4f47-a7a1-1670471a17c1', 'ba3dcb33-6911-4715-af24-f3b5319c129c'),
('aac24649-9be6-4f47-a7a1-1670471a17c1', 'c14871d9-9bb2-4821-9684-f5240077de7b'),
('aac24649-9be6-4f47-a7a1-1670471a17c1', 'c4d9eb48-a4d1-41f4-a66a-cfaf8cac2061'),
('aac24649-9be6-4f47-a7a1-1670471a17c1', 'd17bba28-195c-4d7d-8b55-34bf604284cb'),
('aac24649-9be6-4f47-a7a1-1670471a17c1', 'e9b1706e-ea32-49eb-ae46-ee8c2b8834ae'),
('aac24649-9be6-4f47-a7a1-1670471a17c1', 'fcc5078f-b5e9-4eb9-aac8-0d86a60fe057'),
('aac24649-9be6-4f47-a7a1-1670471a17c1', 'fe5d4ff6-6e48-453d-a2e2-694de35c3ab6'),
('bce97679-e307-4560-956e-703cc71e211d', '0460cd0f-aaef-44c4-9763-3d65d25b86aa'),
('bce97679-e307-4560-956e-703cc71e211d', '08db938e-a773-4e78-a0bf-5dd74bfdaae8'),
('bce97679-e307-4560-956e-703cc71e211d', '1f6c61b8-8240-4252-8f2f-0edc31a77f2d'),
('bce97679-e307-4560-956e-703cc71e211d', '203c947c-fc98-46b2-8713-a5c08d6ff3e7'),
('bce97679-e307-4560-956e-703cc71e211d', '23be50e8-a63b-4ae3-83f5-a1bfbd5c8e55'),
('bce97679-e307-4560-956e-703cc71e211d', '42be4995-8100-4582-85a8-1e36b2f11780'),
('bce97679-e307-4560-956e-703cc71e211d', '5780c6db-480d-4c65-8ba6-04c16f8b5aa8'),
('bce97679-e307-4560-956e-703cc71e211d', 'b4bcb6a5-4717-45a9-bcd6-8582462bbe18'),
('bce97679-e307-4560-956e-703cc71e211d', 'b9c80e37-a537-49d2-8420-d52487e67277'),
('bce97679-e307-4560-956e-703cc71e211d', 'ccf8cc4c-087c-49ae-b5fd-ab24d6238f72'),
('bce97679-e307-4560-956e-703cc71e211d', 'cd2e33d8-33ea-4624-ae9a-4fff77f5cf69'),
('c1cc79dc-5e1f-4a68-b56b-a7481a1dc96e', '0460cd0f-aaef-44c4-9763-3d65d25b86aa'),
('c1cc79dc-5e1f-4a68-b56b-a7481a1dc96e', '08db938e-a773-4e78-a0bf-5dd74bfdaae8'),
('c1cc79dc-5e1f-4a68-b56b-a7481a1dc96e', '1f6c61b8-8240-4252-8f2f-0edc31a77f2d'),
('c1cc79dc-5e1f-4a68-b56b-a7481a1dc96e', '203c947c-fc98-46b2-8713-a5c08d6ff3e7'),
('c1cc79dc-5e1f-4a68-b56b-a7481a1dc96e', '23be50e8-a63b-4ae3-83f5-a1bfbd5c8e55'),
('c1cc79dc-5e1f-4a68-b56b-a7481a1dc96e', '42be4995-8100-4582-85a8-1e36b2f11780'),
('c1cc79dc-5e1f-4a68-b56b-a7481a1dc96e', '5780c6db-480d-4c65-8ba6-04c16f8b5aa8'),
('c1cc79dc-5e1f-4a68-b56b-a7481a1dc96e', 'b4bcb6a5-4717-45a9-bcd6-8582462bbe18'),
('c1cc79dc-5e1f-4a68-b56b-a7481a1dc96e', 'b9c80e37-a537-49d2-8420-d52487e67277'),
('c1cc79dc-5e1f-4a68-b56b-a7481a1dc96e', 'ccf8cc4c-087c-49ae-b5fd-ab24d6238f72'),
('c1cc79dc-5e1f-4a68-b56b-a7481a1dc96e', 'cd2e33d8-33ea-4624-ae9a-4fff77f5cf69'),
('c3c1c4b8-325e-4b1e-8c09-d5836b108f0c', '0a995a54-6423-42ed-8b68-63923146bc17'),
('c3c1c4b8-325e-4b1e-8c09-d5836b108f0c', '22ee2752-93d7-43a1-aa3d-5dde540f9d6f'),
('c3c1c4b8-325e-4b1e-8c09-d5836b108f0c', '242337c5-320f-471d-a279-ebede5987955'),
('c3c1c4b8-325e-4b1e-8c09-d5836b108f0c', '2513cef2-11bb-437d-989f-624557850e20'),
('c3c1c4b8-325e-4b1e-8c09-d5836b108f0c', '289bfbde-be31-4dd2-bdeb-c9c8e0dfdb01'),
('c3c1c4b8-325e-4b1e-8c09-d5836b108f0c', '3e3349d2-31c7-4580-b068-ecd1e3d5584d'),
('c3c1c4b8-325e-4b1e-8c09-d5836b108f0c', '3f834456-19a1-459f-ac88-e7f1a59f652e'),
('c3c1c4b8-325e-4b1e-8c09-d5836b108f0c', '4c009b7f-fcf3-45cf-946e-d593651c3c50'),
('c3c1c4b8-325e-4b1e-8c09-d5836b108f0c', '75a6b66d-06ea-4b44-9267-4dbe90d9c6f9'),
('c3c1c4b8-325e-4b1e-8c09-d5836b108f0c', '7dbb01e6-cbd8-4b87-a96a-e07f718990b1'),
('c3c1c4b8-325e-4b1e-8c09-d5836b108f0c', '7e1f6308-551e-459c-b128-e077c2cef2e7'),
('c3c1c4b8-325e-4b1e-8c09-d5836b108f0c', '81c70b6c-4a32-4f8e-a407-d4945e4c6e97'),
('c3c1c4b8-325e-4b1e-8c09-d5836b108f0c', '8e89196b-b29f-4fbd-bc9d-6f8bb92c1646'),
('c3c1c4b8-325e-4b1e-8c09-d5836b108f0c', 'a83e014a-8663-4322-a008-4fefa4c1d8f1'),
('c3c1c4b8-325e-4b1e-8c09-d5836b108f0c', 'b8b2f52b-0e0a-4de4-a0de-bb604bab160b'),
('c3c1c4b8-325e-4b1e-8c09-d5836b108f0c', 'c259d5ce-616a-4b58-a2fc-2084e6100ee9'),
('c3c1c4b8-325e-4b1e-8c09-d5836b108f0c', 'cffe5b16-d4ba-4acc-b286-a7cbe2a992b8'),
('c3c1c4b8-325e-4b1e-8c09-d5836b108f0c', 'd9d7d2a8-8678-4d40-92e2-009d7c17c3ab'),
('c3c1c4b8-325e-4b1e-8c09-d5836b108f0c', 'e972cc21-052c-48b9-86af-171738825388'),
('c3c1c4b8-325e-4b1e-8c09-d5836b108f0c', 'f3c3c6eb-b2cf-4981-8444-ec1b868bd616'),
('c49aa559-9c98-42c8-9c7e-a83d2471c984', '0460cd0f-aaef-44c4-9763-3d65d25b86aa'),
('c49aa559-9c98-42c8-9c7e-a83d2471c984', '08db938e-a773-4e78-a0bf-5dd74bfdaae8'),
('c49aa559-9c98-42c8-9c7e-a83d2471c984', '1f6c61b8-8240-4252-8f2f-0edc31a77f2d'),
('c49aa559-9c98-42c8-9c7e-a83d2471c984', '203c947c-fc98-46b2-8713-a5c08d6ff3e7'),
('c49aa559-9c98-42c8-9c7e-a83d2471c984', '23be50e8-a63b-4ae3-83f5-a1bfbd5c8e55'),
('c49aa559-9c98-42c8-9c7e-a83d2471c984', '42be4995-8100-4582-85a8-1e36b2f11780'),
('c49aa559-9c98-42c8-9c7e-a83d2471c984', '5780c6db-480d-4c65-8ba6-04c16f8b5aa8'),
('c49aa559-9c98-42c8-9c7e-a83d2471c984', 'b4bcb6a5-4717-45a9-bcd6-8582462bbe18'),
('c49aa559-9c98-42c8-9c7e-a83d2471c984', 'b9c80e37-a537-49d2-8420-d52487e67277'),
('c49aa559-9c98-42c8-9c7e-a83d2471c984', 'ccf8cc4c-087c-49ae-b5fd-ab24d6238f72'),
('c49aa559-9c98-42c8-9c7e-a83d2471c984', 'cd2e33d8-33ea-4624-ae9a-4fff77f5cf69'),
('cd230e4a-0531-43a9-a518-e9a1b848c545', '101aa6f0-d006-48ca-82b9-d3d16d628573'),
('cd230e4a-0531-43a9-a518-e9a1b848c545', '2d57c070-c18b-4b4a-bb0a-a7de49f7f679'),
('cd230e4a-0531-43a9-a518-e9a1b848c545', '2ddf6531-6696-46cf-b244-e14e90f1626d'),
('cd230e4a-0531-43a9-a518-e9a1b848c545', '40d81b4c-812e-4a7f-8143-b0710b998cf9'),
('cd230e4a-0531-43a9-a518-e9a1b848c545', '5b904058-7020-4f59-bb8a-f90e9968c025'),
('cd230e4a-0531-43a9-a518-e9a1b848c545', '697cf7d6-9612-48d7-b21a-f9591decd77c'),
('cd230e4a-0531-43a9-a518-e9a1b848c545', '7bcb27df-5197-4fff-9fe9-5e799b9194f6'),
('cd230e4a-0531-43a9-a518-e9a1b848c545', '81e980d7-4aba-4a8f-9dde-9cae58972f9c'),
('cd230e4a-0531-43a9-a518-e9a1b848c545', '834b6d95-2376-49aa-a78e-28086a054bd1'),
('cd230e4a-0531-43a9-a518-e9a1b848c545', 'ae890506-590d-442f-834d-f289ea4d134c'),
('cd230e4a-0531-43a9-a518-e9a1b848c545', 'bcc44874-f40b-475f-9623-43ccb8373e30'),
('cd230e4a-0531-43a9-a518-e9a1b848c545', 'cc59c189-7a71-4632-92ad-e14e7df79c25'),
('d4aee1d9-928c-4c01-848d-5b05fb6a8e24', '101aa6f0-d006-48ca-82b9-d3d16d628573'),
('d4aee1d9-928c-4c01-848d-5b05fb6a8e24', '2d57c070-c18b-4b4a-bb0a-a7de49f7f679'),
('d4aee1d9-928c-4c01-848d-5b05fb6a8e24', '2ddf6531-6696-46cf-b244-e14e90f1626d'),
('d4aee1d9-928c-4c01-848d-5b05fb6a8e24', '40d81b4c-812e-4a7f-8143-b0710b998cf9'),
('d4aee1d9-928c-4c01-848d-5b05fb6a8e24', '5b904058-7020-4f59-bb8a-f90e9968c025'),
('d4aee1d9-928c-4c01-848d-5b05fb6a8e24', '697cf7d6-9612-48d7-b21a-f9591decd77c'),
('d4aee1d9-928c-4c01-848d-5b05fb6a8e24', '7bcb27df-5197-4fff-9fe9-5e799b9194f6'),
('d4aee1d9-928c-4c01-848d-5b05fb6a8e24', '81e980d7-4aba-4a8f-9dde-9cae58972f9c'),
('d4aee1d9-928c-4c01-848d-5b05fb6a8e24', '834b6d95-2376-49aa-a78e-28086a054bd1'),
('d4aee1d9-928c-4c01-848d-5b05fb6a8e24', 'ae890506-590d-442f-834d-f289ea4d134c'),
('d4aee1d9-928c-4c01-848d-5b05fb6a8e24', 'bcc44874-f40b-475f-9623-43ccb8373e30'),
('d4aee1d9-928c-4c01-848d-5b05fb6a8e24', 'cc59c189-7a71-4632-92ad-e14e7df79c25'),
('d76bdb0d-1e8d-4157-b096-714a8d7891f3', '22f04445-e275-406d-bc2b-321b8fefd97f'),
('d76bdb0d-1e8d-4157-b096-714a8d7891f3', '32d2ff50-c9e1-467f-9954-fdc925fd9aae'),
('d76bdb0d-1e8d-4157-b096-714a8d7891f3', '50e7a97e-0fe1-46b2-a190-80d626326253'),
('d76bdb0d-1e8d-4157-b096-714a8d7891f3', '5d89cbc5-9858-47b2-937b-9eaadd834203'),
('d76bdb0d-1e8d-4157-b096-714a8d7891f3', '63b1d334-0e23-407d-9dfd-62e2b885db9d'),
('d76bdb0d-1e8d-4157-b096-714a8d7891f3', '75469fa7-4020-4eb7-b702-eeea086de4b6'),
('d76bdb0d-1e8d-4157-b096-714a8d7891f3', '8e52b383-d2de-41ee-93df-3b6acef468c6'),
('d76bdb0d-1e8d-4157-b096-714a8d7891f3', '9fe5c3c3-59a3-4760-bfeb-729060a6a7d8'),
('d76bdb0d-1e8d-4157-b096-714a8d7891f3', 'a403f082-8cf2-47d7-8fbe-a2db0fba90a3'),
('d76bdb0d-1e8d-4157-b096-714a8d7891f3', 'a8ba69bb-e000-4c00-885d-c66ca952c042'),
('d76bdb0d-1e8d-4157-b096-714a8d7891f3', 'ab480d8d-7fb4-481a-90f8-923c236e1fc5'),
('d76bdb0d-1e8d-4157-b096-714a8d7891f3', 'ba3dcb33-6911-4715-af24-f3b5319c129c'),
('d76bdb0d-1e8d-4157-b096-714a8d7891f3', 'c14871d9-9bb2-4821-9684-f5240077de7b'),
('d76bdb0d-1e8d-4157-b096-714a8d7891f3', 'c4d9eb48-a4d1-41f4-a66a-cfaf8cac2061'),
('d76bdb0d-1e8d-4157-b096-714a8d7891f3', 'd17bba28-195c-4d7d-8b55-34bf604284cb'),
('d76bdb0d-1e8d-4157-b096-714a8d7891f3', 'e9b1706e-ea32-49eb-ae46-ee8c2b8834ae'),
('d76bdb0d-1e8d-4157-b096-714a8d7891f3', 'fcc5078f-b5e9-4eb9-aac8-0d86a60fe057'),
('d76bdb0d-1e8d-4157-b096-714a8d7891f3', 'fe5d4ff6-6e48-453d-a2e2-694de35c3ab6'),
('e22af266-2a4e-4193-8df5-4c388b2d0d9a', '101aa6f0-d006-48ca-82b9-d3d16d628573'),
('e22af266-2a4e-4193-8df5-4c388b2d0d9a', '2d57c070-c18b-4b4a-bb0a-a7de49f7f679'),
('e22af266-2a4e-4193-8df5-4c388b2d0d9a', '2ddf6531-6696-46cf-b244-e14e90f1626d'),
('e22af266-2a4e-4193-8df5-4c388b2d0d9a', '40d81b4c-812e-4a7f-8143-b0710b998cf9'),
('e22af266-2a4e-4193-8df5-4c388b2d0d9a', '5b904058-7020-4f59-bb8a-f90e9968c025'),
('e22af266-2a4e-4193-8df5-4c388b2d0d9a', '697cf7d6-9612-48d7-b21a-f9591decd77c'),
('e22af266-2a4e-4193-8df5-4c388b2d0d9a', '7bcb27df-5197-4fff-9fe9-5e799b9194f6'),
('e22af266-2a4e-4193-8df5-4c388b2d0d9a', '81e980d7-4aba-4a8f-9dde-9cae58972f9c'),
('e22af266-2a4e-4193-8df5-4c388b2d0d9a', '834b6d95-2376-49aa-a78e-28086a054bd1'),
('e22af266-2a4e-4193-8df5-4c388b2d0d9a', 'ae890506-590d-442f-834d-f289ea4d134c'),
('e22af266-2a4e-4193-8df5-4c388b2d0d9a', 'bcc44874-f40b-475f-9623-43ccb8373e30'),
('e22af266-2a4e-4193-8df5-4c388b2d0d9a', 'cc59c189-7a71-4632-92ad-e14e7df79c25'),
('e4e0e5b9-aa01-435f-8b9a-9c5d0ec28b07', '101aa6f0-d006-48ca-82b9-d3d16d628573'),
('e4e0e5b9-aa01-435f-8b9a-9c5d0ec28b07', '2d57c070-c18b-4b4a-bb0a-a7de49f7f679'),
('e4e0e5b9-aa01-435f-8b9a-9c5d0ec28b07', '2ddf6531-6696-46cf-b244-e14e90f1626d'),
('e4e0e5b9-aa01-435f-8b9a-9c5d0ec28b07', '40d81b4c-812e-4a7f-8143-b0710b998cf9'),
('e4e0e5b9-aa01-435f-8b9a-9c5d0ec28b07', '5b904058-7020-4f59-bb8a-f90e9968c025'),
('e4e0e5b9-aa01-435f-8b9a-9c5d0ec28b07', '697cf7d6-9612-48d7-b21a-f9591decd77c'),
('e4e0e5b9-aa01-435f-8b9a-9c5d0ec28b07', '7bcb27df-5197-4fff-9fe9-5e799b9194f6'),
('e4e0e5b9-aa01-435f-8b9a-9c5d0ec28b07', '81e980d7-4aba-4a8f-9dde-9cae58972f9c'),
('e4e0e5b9-aa01-435f-8b9a-9c5d0ec28b07', '834b6d95-2376-49aa-a78e-28086a054bd1'),
('e4e0e5b9-aa01-435f-8b9a-9c5d0ec28b07', 'ae890506-590d-442f-834d-f289ea4d134c'),
('e4e0e5b9-aa01-435f-8b9a-9c5d0ec28b07', 'bcc44874-f40b-475f-9623-43ccb8373e30'),
('e4e0e5b9-aa01-435f-8b9a-9c5d0ec28b07', 'cc59c189-7a71-4632-92ad-e14e7df79c25'),
('e7799393-6102-4cde-8e1d-2e7f96e8f3a4', '13e1e382-358c-4b6c-a611-26bdeb3234e5'),
('e7799393-6102-4cde-8e1d-2e7f96e8f3a4', '14b06cad-c13b-48f2-a318-40bb57759235'),
('e7799393-6102-4cde-8e1d-2e7f96e8f3a4', '17e55e9a-e3b9-4a1e-a332-f1bfa08d4d4b'),
('e7799393-6102-4cde-8e1d-2e7f96e8f3a4', '2df0e3d1-a50b-4e06-95a9-e1ada74694b9'),
('e7799393-6102-4cde-8e1d-2e7f96e8f3a4', '3a645b51-8c77-4989-9704-d78f9d360b37'),
('e7799393-6102-4cde-8e1d-2e7f96e8f3a4', '41206e05-ea63-46ad-8d18-ea1d53b09894'),
('e7799393-6102-4cde-8e1d-2e7f96e8f3a4', '46305be4-5e75-43ab-9c59-8254467fc105'),
('e7799393-6102-4cde-8e1d-2e7f96e8f3a4', '4a92956f-cbf0-44b1-8ac3-06867449aae9'),
('e7799393-6102-4cde-8e1d-2e7f96e8f3a4', '4cb97265-fe20-4f4d-951b-a85c24384721'),
('e7799393-6102-4cde-8e1d-2e7f96e8f3a4', '512aad6d-cc43-40ec-a644-a128beda5956'),
('e7799393-6102-4cde-8e1d-2e7f96e8f3a4', '52233d17-99b9-496c-a725-4b6f142a974e'),
('e7799393-6102-4cde-8e1d-2e7f96e8f3a4', '9a93d922-0269-4b86-a9e9-40e4c07587ba'),
('e7799393-6102-4cde-8e1d-2e7f96e8f3a4', '9ab7c536-2103-4aa4-87ca-28e3e58213ad'),
('e7799393-6102-4cde-8e1d-2e7f96e8f3a4', 'b42dc4f6-4301-42c3-ad51-7ec7965d16a8'),
('e7799393-6102-4cde-8e1d-2e7f96e8f3a4', 'b8d6f347-779e-4a26-b503-a44554a28886'),
('e7799393-6102-4cde-8e1d-2e7f96e8f3a4', 'c130bdf6-83cc-4c05-aa36-166b254bf74a'),
('e7799393-6102-4cde-8e1d-2e7f96e8f3a4', 'cf0e58a5-1854-4d58-aaa3-4844de72af15'),
('e7799393-6102-4cde-8e1d-2e7f96e8f3a4', 'dcd4afcc-9380-40ae-abfa-fa4533421ba7'),
('e7799393-6102-4cde-8e1d-2e7f96e8f3a4', 'eca36609-b8e3-4a39-9c4a-732f87e2fe2f'),
('e81740aa-8231-42eb-a6e2-f08c89bb9b20', '13e1e382-358c-4b6c-a611-26bdeb3234e5'),
('e81740aa-8231-42eb-a6e2-f08c89bb9b20', '14b06cad-c13b-48f2-a318-40bb57759235'),
('e81740aa-8231-42eb-a6e2-f08c89bb9b20', '17e55e9a-e3b9-4a1e-a332-f1bfa08d4d4b'),
('e81740aa-8231-42eb-a6e2-f08c89bb9b20', '2df0e3d1-a50b-4e06-95a9-e1ada74694b9'),
('e81740aa-8231-42eb-a6e2-f08c89bb9b20', '3a645b51-8c77-4989-9704-d78f9d360b37'),
('e81740aa-8231-42eb-a6e2-f08c89bb9b20', '41206e05-ea63-46ad-8d18-ea1d53b09894'),
('e81740aa-8231-42eb-a6e2-f08c89bb9b20', '46305be4-5e75-43ab-9c59-8254467fc105'),
('e81740aa-8231-42eb-a6e2-f08c89bb9b20', '4a92956f-cbf0-44b1-8ac3-06867449aae9'),
('e81740aa-8231-42eb-a6e2-f08c89bb9b20', '4cb97265-fe20-4f4d-951b-a85c24384721'),
('e81740aa-8231-42eb-a6e2-f08c89bb9b20', '512aad6d-cc43-40ec-a644-a128beda5956'),
('e81740aa-8231-42eb-a6e2-f08c89bb9b20', '52233d17-99b9-496c-a725-4b6f142a974e'),
('e81740aa-8231-42eb-a6e2-f08c89bb9b20', '9a93d922-0269-4b86-a9e9-40e4c07587ba'),
('e81740aa-8231-42eb-a6e2-f08c89bb9b20', '9ab7c536-2103-4aa4-87ca-28e3e58213ad'),
('e81740aa-8231-42eb-a6e2-f08c89bb9b20', 'b42dc4f6-4301-42c3-ad51-7ec7965d16a8'),
('e81740aa-8231-42eb-a6e2-f08c89bb9b20', 'b8d6f347-779e-4a26-b503-a44554a28886'),
('e81740aa-8231-42eb-a6e2-f08c89bb9b20', 'c130bdf6-83cc-4c05-aa36-166b254bf74a'),
('e81740aa-8231-42eb-a6e2-f08c89bb9b20', 'cf0e58a5-1854-4d58-aaa3-4844de72af15'),
('e81740aa-8231-42eb-a6e2-f08c89bb9b20', 'dcd4afcc-9380-40ae-abfa-fa4533421ba7'),
('e81740aa-8231-42eb-a6e2-f08c89bb9b20', 'eca36609-b8e3-4a39-9c4a-732f87e2fe2f'),
('eda3b026-4fab-472a-a0d5-40d242c8a0f2', '13e1e382-358c-4b6c-a611-26bdeb3234e5'),
('eda3b026-4fab-472a-a0d5-40d242c8a0f2', '14b06cad-c13b-48f2-a318-40bb57759235'),
('eda3b026-4fab-472a-a0d5-40d242c8a0f2', '17e55e9a-e3b9-4a1e-a332-f1bfa08d4d4b'),
('eda3b026-4fab-472a-a0d5-40d242c8a0f2', '2df0e3d1-a50b-4e06-95a9-e1ada74694b9'),
('eda3b026-4fab-472a-a0d5-40d242c8a0f2', '3a645b51-8c77-4989-9704-d78f9d360b37'),
('eda3b026-4fab-472a-a0d5-40d242c8a0f2', '41206e05-ea63-46ad-8d18-ea1d53b09894'),
('eda3b026-4fab-472a-a0d5-40d242c8a0f2', '46305be4-5e75-43ab-9c59-8254467fc105'),
('eda3b026-4fab-472a-a0d5-40d242c8a0f2', '4a92956f-cbf0-44b1-8ac3-06867449aae9'),
('eda3b026-4fab-472a-a0d5-40d242c8a0f2', '4cb97265-fe20-4f4d-951b-a85c24384721'),
('eda3b026-4fab-472a-a0d5-40d242c8a0f2', '512aad6d-cc43-40ec-a644-a128beda5956'),
('eda3b026-4fab-472a-a0d5-40d242c8a0f2', '52233d17-99b9-496c-a725-4b6f142a974e'),
('eda3b026-4fab-472a-a0d5-40d242c8a0f2', '9a93d922-0269-4b86-a9e9-40e4c07587ba'),
('eda3b026-4fab-472a-a0d5-40d242c8a0f2', '9ab7c536-2103-4aa4-87ca-28e3e58213ad'),
('eda3b026-4fab-472a-a0d5-40d242c8a0f2', 'b42dc4f6-4301-42c3-ad51-7ec7965d16a8'),
('eda3b026-4fab-472a-a0d5-40d242c8a0f2', 'b8d6f347-779e-4a26-b503-a44554a28886'),
('eda3b026-4fab-472a-a0d5-40d242c8a0f2', 'c130bdf6-83cc-4c05-aa36-166b254bf74a'),
('eda3b026-4fab-472a-a0d5-40d242c8a0f2', 'cf0e58a5-1854-4d58-aaa3-4844de72af15'),
('eda3b026-4fab-472a-a0d5-40d242c8a0f2', 'dcd4afcc-9380-40ae-abfa-fa4533421ba7'),
('eda3b026-4fab-472a-a0d5-40d242c8a0f2', 'eca36609-b8e3-4a39-9c4a-732f87e2fe2f');

INSERT INTO `termin` (`id`, `kennung`, `start`, `ende`, `veranstaltung_id`, `erfassung_start`) VALUES
('03525a32-7ca3-4e6f-bee7-1d7d8304f752', '0853e5fb-0d72-4d5c-bc5d-9ab5a2c91e16', '2024-08-22 07:00:00', '2024-08-22 17:00:00', '06de7e5d-39ca-4cca-8f8d-1ae2fb86d63b', NULL),
('04476e0d-5955-4daf-8f6d-ce5b957f47e3', '895c9270-7f29-4cb0-81c4-c664b4fb5b8e', '2024-10-16 07:00:00', '2024-10-16 10:15:00', '372fa62b-b1eb-45ea-a8f6-dc2ce2b69de8', NULL),
('0500850a-6eb9-4a01-a2ca-36d013eee0d9', '7a4b8e73-a4d6-43a6-b562-fd2298df1252', '2024-08-23 07:00:00', '2024-08-23 17:00:00', 'd76bdb0d-1e8d-4157-b096-714a8d7891f3', NULL),
('062780cb-d0e7-4883-9d60-4bd70ac4a8f4', '2e10155e-59b5-4cd7-80fe-7cd47b8f0164', '2024-08-23 07:00:00', '2024-08-23 17:00:00', '05d952fa-9ca3-4dc2-a303-346c2288373e', NULL),
('0a3efe57-6ad7-447e-a98f-09221aee1663', 'a1b55d4a-c7e3-4428-a7ca-7976ed07cb91', '2024-08-22 07:00:00', '2024-08-22 17:00:00', '05d952fa-9ca3-4dc2-a303-346c2288373e', NULL),
('0db221bd-cb69-4ec5-9cdd-6cdb1fda8938', '493d7f50-54e5-4b6c-8dfa-1df726f0f618', '2024-09-06 07:00:00', '2024-09-06 17:00:00', 'cd230e4a-0531-43a9-a518-e9a1b848c545', NULL),
('0f44d057-d256-4295-a4fe-fa623194c786', 'dd5054e2-b958-4584-9f48-b98a3424d9be', '2024-07-17 12:30:00', '2024-07-17 17:00:00', 'e4e0e5b9-aa01-435f-8b9a-9c5d0ec28b07', NULL),
('1137d21d-267f-4e32-9c8e-eb5f8fe49503', '5035e52e-6ab0-4055-a864-4ade4664ee0f', '2024-07-19 07:00:00', '2024-07-19 17:00:00', 'e7799393-6102-4cde-8e1d-2e7f96e8f3a4', NULL),
('172bb5e8-9d16-4396-bb06-7335d03aa7c3', 'fd9a496e-ba75-4c1e-abdf-50ae87d96d56', '2025-04-09 07:00:00', '2025-04-09 17:00:00', 'a4c06a64-cb3f-4df9-924a-e43230432008', NULL),
('1860306e-359d-45eb-ac20-b82951ea2c11', '8322e57b-78b6-4ff9-8e37-463210825780', '2024-09-05 07:00:00', '2024-09-05 17:00:00', 'c3c1c4b8-325e-4b1e-8c09-d5836b108f0c', NULL),
('1879ea4b-b113-4d6e-b97b-87ddf25e236a', '0a143a0b-eb62-407e-8ad1-82f84991affa', '2024-10-15 07:00:00', '2024-10-15 17:00:00', '3e77175f-d321-49b4-907f-604952202330', NULL),
('19d0b503-6dab-426f-927c-b407a4ba77e8', '2582cfc9-5f4d-4342-91a6-e107d6829f25', '2024-08-23 07:00:00', '2024-08-23 17:00:00', 'a2423782-327e-4e02-96ce-04f615dd2ebb', NULL),
('20b8d430-0d15-4962-b741-045e54087b57', '3da35dce-aa71-4b20-993b-a2307e128697', '2024-09-04 12:30:00', '2024-09-04 17:00:00', 'cd230e4a-0531-43a9-a518-e9a1b848c545', NULL),
('228c90eb-c9a3-4a7b-bb81-28484a9d90a2', '0408fc6e-988f-4347-a387-b60bb49515f5', '2024-07-17 12:30:00', '2024-07-17 17:00:00', 'e22af266-2a4e-4193-8df5-4c388b2d0d9a', NULL),
('271ca403-bbba-4d19-9960-5241b9a44687', '527b0902-45e6-400a-b87a-4f513447398c', '2024-08-22 07:00:00', '2024-08-22 17:00:00', 'd4aee1d9-928c-4c01-848d-5b05fb6a8e24', NULL),
('288e093f-b94b-4f62-95fc-9aeb91db4f38', 'c709da17-adaf-4993-8578-03453af38231', '2024-10-14 07:00:00', '2024-10-14 17:00:00', '72a3a95f-e201-4579-84c6-5a9790ea386c', NULL),
('2a4505a5-e360-454a-9a2e-d3b7fd1d4d3f', '37d17fda-ad43-406e-ad05-e4286278252f', '2025-04-08 12:30:00', '2025-04-08 17:00:00', 'a4c06a64-cb3f-4df9-924a-e43230432008', NULL),
('2ced01d0-bff5-4778-b920-2eabfe910bda', '89b3b407-727b-4111-8ec5-4395a7c1d63d', '2024-07-19 07:00:00', '2024-07-19 17:00:00', 'e22af266-2a4e-4193-8df5-4c388b2d0d9a', NULL),
('2e748124-8457-450f-a093-4f31f4441ca0', 'fd8ccbd9-0c1c-438b-a3ca-90d4987e96a6', '2024-10-15 07:00:00', '2024-10-15 17:00:00', '72a3a95f-e201-4579-84c6-5a9790ea386c', NULL),
('326605ec-f5a6-4cf8-a619-56310da56e66', '02e5fbf6-a83b-45f1-9ee5-c790a37f437f', '2024-07-19 07:00:00', '2024-07-19 17:00:00', 'e81740aa-8231-42eb-a6e2-f08c89bb9b20', NULL),
('33b662cf-410f-472b-9361-50ffb07e3bda', '72c327ca-a309-4176-82b4-3aaa2c02fcc7', '2024-08-23 07:00:00', '2024-08-23 17:00:00', 'd76bdb0d-1e8d-4157-b096-714a8d7891f3', NULL),
('343faa9f-e3d7-450b-8e2a-fb04184ed4ed', 'd66ca074-bf77-4481-97be-77308096227f', '2024-08-23 07:00:00', '2024-08-23 17:00:00', 'd4aee1d9-928c-4c01-848d-5b05fb6a8e24', NULL),
('3acd739e-75b7-4549-9b5f-5fd172184dd1', '1436f9e0-78de-4c50-9e1f-69aadc434ae5', '2024-08-21 12:30:00', '2024-08-21 17:00:00', 'c1cc79dc-5e1f-4a68-b56b-a7481a1dc96e', NULL),
('3b3c0865-817c-429c-9a95-1883cdf37878', 'bdcc1a86-1a5f-4195-a5c5-9599e377b5d4', '2024-05-01 07:00:00', '2024-05-01 10:30:00', '1a695850-83cf-4aac-bacf-b54566fe63fd', NULL),
('3b4accfe-86e4-488c-af37-5071e97a601e', '1d597f4d-fa1f-48ba-9539-ef69004c49a5', '2024-07-19 07:00:00', '2024-07-19 17:00:00', 'e4e0e5b9-aa01-435f-8b9a-9c5d0ec28b07', NULL),
('3ef02f61-79f9-4f3b-965d-0bad9e0362e9', '23721503-2530-4185-9da6-957e6dece992', '2024-10-15 07:00:00', '2024-10-15 17:00:00', '372fa62b-b1eb-45ea-a8f6-dc2ce2b69de8', NULL),
('3f309bca-c0ef-4828-b289-f260700e69e8', 'ba7f1f01-3fa0-46af-863b-351ce673a66c', '2025-04-10 07:00:00', '2025-04-10 17:00:00', '10a9d702-585d-4205-9e79-18fede6d88db', NULL),
('3ffd8768-1889-4add-a22f-d22a1e11aaad', '9a6c8456-674c-4e4c-b114-6a03e3bf788b', '2024-09-06 07:00:00', '2024-09-06 17:00:00', 'c3c1c4b8-325e-4b1e-8c09-d5836b108f0c', NULL),
('4fa05e89-f56c-432a-a550-37d0cbc05503', '7b9171e0-3386-4d0c-9298-e5a5b69987a3', '2024-08-22 07:00:00', '2024-08-22 17:00:00', 'd76bdb0d-1e8d-4157-b096-714a8d7891f3', NULL),
('5155e4a4-2756-4bd0-895d-183c5974cb8e', 'fab35d46-acdf-4c84-b625-1e88e255c6a6', '2024-10-16 07:00:00', '2024-10-16 10:15:00', 'bce97679-e307-4560-956e-703cc71e211d', NULL),
('539be05b-9421-420c-8a17-5aef1bda6902', '2da3dd3d-6b2c-4ae8-9689-aea48d039976', '2024-08-21 12:30:00', '2024-08-21 17:00:00', '05d952fa-9ca3-4dc2-a303-346c2288373e', NULL),
('5975e4db-2f91-4894-8a85-7458390237e0', '93f3707a-4cdb-40b2-971e-58d7cc68528e', '2025-04-09 07:00:00', '2025-04-09 17:00:00', '10a9d702-585d-4205-9e79-18fede6d88db', NULL),
('5b16ff60-6219-44ec-b53f-afa7e91f286a', 'eafbb71f-ff7e-4e6e-be4e-1561e559050f', '2024-09-04 12:30:00', '2024-09-04 17:00:00', '4b75e344-868a-4646-889c-06b0046fce2d', NULL),
('5cd2bbe8-777f-4bd0-bd7f-f3f3a7d5674d', '3e3d157f-80b0-42f0-8ba5-5baf6b25a0fa', '2024-08-21 12:30:00', '2024-08-21 17:00:00', 'd76bdb0d-1e8d-4157-b096-714a8d7891f3', NULL),
('5dac228c-c3a0-4c78-a554-31918439b9ed', 'e8a6c896-4f94-4730-b9c7-c191b4ac0c51', '2024-08-21 12:30:00', '2024-08-21 17:00:00', 'd76bdb0d-1e8d-4157-b096-714a8d7891f3', NULL),
('5fca93be-5f4d-42c9-a121-6800ab091cde', '9d4029ca-6582-4d01-899e-970f3ce397aa', '2024-04-04 07:00:00', '2024-04-04 17:00:00', '2c492d27-dc29-4b6d-944a-367e90a7e899', NULL),
('63775c43-3adc-4278-b795-9ec19f87727f', '9f0afbfe-fdbd-46a0-bd02-1bdc923030a5', '2024-09-06 07:00:00', '2024-09-06 17:00:00', 'c3c1c4b8-325e-4b1e-8c09-d5836b108f0c', NULL),
('654dab35-850d-46bc-9e25-17b520030edb', '849fd578-a853-4365-a1ba-ffcfef01eec1', '2024-07-18 07:00:00', '2024-07-18 17:00:00', 'e4e0e5b9-aa01-435f-8b9a-9c5d0ec28b07', NULL),
('68d8f35c-1921-4a09-82d6-023ffbf0f6ca', 'd0f01ec4-717a-4e97-a9fd-33298e8aa23e', '2024-10-16 07:00:00', '2024-10-16 10:15:00', 'aac24649-9be6-4f47-a7a1-1670471a17c1', NULL),
('69721265-a7ec-45fe-864c-f7e0cfb9e297', '394690e9-3424-481d-abed-88f05149c0f6', '2024-06-04 07:00:00', '2024-06-04 17:00:00', '70be2749-0578-4107-8997-e072462f0dc1', NULL),
('69ec4f81-501b-4126-8092-a8ffe1484437', '791b2148-a92a-47dc-af16-ffffced84037', '2024-10-15 07:00:00', '2024-10-15 17:00:00', 'bce97679-e307-4560-956e-703cc71e211d', NULL),
('6b468551-768b-4104-8223-20a60af6484a', '06c2f227-8b32-4ad0-92e4-7b5dc97e5667', '2024-07-17 12:30:00', '2024-07-17 17:00:00', 'e7799393-6102-4cde-8e1d-2e7f96e8f3a4', NULL),
('7078c6f0-1a12-4bf8-89cb-85f8d35ca75e', 'de9aa49a-4e64-4cac-9c51-c4acd683e234', '2024-08-21 12:30:00', '2024-08-21 17:00:00', '06de7e5d-39ca-4cca-8f8d-1ae2fb86d63b', NULL),
('70e3a5e1-e9de-47bc-b307-4f965de84ebc', '1be333aa-fb5f-483b-9d57-9d7a1f96513f', '2024-10-07 07:00:00', '2024-10-07 17:00:00', '140be3a7-e1c3-4497-9394-e0a5dd7c9cd9', NULL),
('757b7dd0-272a-487f-9cbe-8960664b2bbe', '71dccd60-a18f-4133-979d-0a612495cfa1', '2024-08-22 07:00:00', '2024-08-22 17:00:00', 'a2423782-327e-4e02-96ce-04f615dd2ebb', NULL),
('7d7d6a78-b63a-4195-a1bb-6e08afbfa3b6', 'ef2f6894-e8c3-4761-a2c7-83fa70cb4deb', '2025-04-08 12:30:00', '2025-04-08 17:00:00', 'a9d5a632-c520-4529-9718-fdbe206360e4', NULL),
('7e674de9-ec40-444e-aa5c-93ba743bd4f2', 'ce78b5de-9570-4e64-a7b6-162b0a443e72', '2024-09-06 07:00:00', '2024-09-06 17:00:00', 'eda3b026-4fab-472a-a0d5-40d242c8a0f2', NULL),
('807ead53-f051-42d8-9ad5-7ef25a4675af', '5ec2717c-18a4-43dd-b217-6b74a305d040', '2024-08-22 07:00:00', '2024-08-22 17:00:00', 'd76bdb0d-1e8d-4157-b096-714a8d7891f3', NULL),
('81128292-b064-4396-9df2-100d9972772f', '39027b88-e43e-4d50-b589-929e600a5b67', '2024-09-04 12:30:00', '2024-09-04 17:00:00', 'eda3b026-4fab-472a-a0d5-40d242c8a0f2', NULL),
('84e40dee-12b9-4964-bea3-272ea031f964', '1d4e6162-9acb-4161-aa55-32a5e0cf1c05', '2024-10-09 07:00:00', '2024-10-09 10:30:00', '140be3a7-e1c3-4497-9394-e0a5dd7c9cd9', NULL),
('882c1528-caef-4c1f-b5ea-31dacda8dc10', 'b298ab14-3080-453b-9cbe-4dbaa311605c', '2024-10-09 07:00:00', '2024-10-09 17:00:00', '1855491d-b458-41ae-b9b8-240b2c03617b', NULL),
('8f4f8511-30d4-47ac-a619-f828ce3b13cc', '29a12c8a-802a-445b-a802-79441e91dfea', '2024-07-17 12:30:00', '2024-07-17 17:00:00', 'e81740aa-8231-42eb-a6e2-f08c89bb9b20', NULL),
('9192d185-eeb6-408c-ab46-7ab2e2f1d2da', 'bb54937f-a264-4a0f-9acc-7db2f6773daf', '2024-07-18 07:00:00', '2024-07-18 17:00:00', 'e22af266-2a4e-4193-8df5-4c388b2d0d9a', NULL),
('92e0ea6e-9b6d-496d-9cde-c6c19ab4c113', 'fbe606b7-2cd1-4100-b7c7-b3d39d879953', '2025-04-08 12:30:00', '2025-04-08 17:00:00', '10a9d702-585d-4205-9e79-18fede6d88db', NULL),
('9352409a-479f-4b62-9beb-87d2d6c4c41f', '4211a9ca-9ea5-4010-8d05-96a1359653c8', '2025-04-09 07:00:00', '2025-04-09 17:00:00', 'c49aa559-9c98-42c8-9c7e-a83d2471c984', NULL),
('93529f37-b46b-450d-a802-1a1b8757bbb8', '1034a461-ce94-4781-b17a-d883f6bf6b94', '2024-10-15 07:00:00', '2024-10-15 17:00:00', '9672e965-93bf-4dfb-b3e0-10bb53fe241d', NULL),
('97293f1d-5c84-4881-89e5-d748271faa45', '35e1550b-3cf5-4ddb-972e-0a3c85ee2d12', '2025-04-08 12:30:00', '2025-04-08 17:00:00', 'c49aa559-9c98-42c8-9c7e-a83d2471c984', NULL),
('9ab84f19-9c7f-4f3e-8f58-5a2a71d18e9a', '0161c031-0b96-4255-b4d5-b6c00bfc6beb', '2024-10-16 07:00:00', '2024-10-16 10:15:00', '72a3a95f-e201-4579-84c6-5a9790ea386c', NULL),
('9abd8590-d76a-481c-b505-ec2563b65c6f', '76ea866d-825d-4554-ab62-50e65df07de7', '2024-10-07 12:30:00', '2024-10-07 17:00:00', '04879527-055f-4766-b412-f67fd6f22dcf', NULL),
('9bbab0df-62d4-4c7a-870b-e50901f37d4d', '0b4de8cc-04fa-463b-9701-4d30433ba032', '2024-10-14 07:00:00', '2024-10-14 17:00:00', 'aac24649-9be6-4f47-a7a1-1670471a17c1', NULL),
('9d959402-55f0-48c9-a85b-d00da2876520', 'a9aa93fd-8a97-434b-a220-3bbc86c60cf1', '2024-06-03 07:00:00', '2024-06-03 17:00:00', '70be2749-0578-4107-8997-e072462f0dc1', NULL),
('a09c913c-2192-4a38-895f-f660d26092ed', '6593c5eb-cdda-44c1-8ad4-d86e8ac026a5', '2024-10-14 07:00:00', '2024-10-14 17:00:00', '3e77175f-d321-49b4-907f-604952202330', NULL),
('a1d55b0c-5688-43bf-98a3-62685f856bfc', 'ed92b234-6523-4cbd-b729-833201914be3', '2024-04-09 07:00:00', '2024-04-10 17:00:00', '04879527-055f-4766-b412-f67fd6f22dcf', '2024-04-08 08:28:03'),
('a9feb56c-88f9-442a-9f9e-25cd0d170220', '02b6cc17-50df-4a4d-9eec-4af5cfb3d07b', '2024-08-22 07:00:00', '2024-08-22 17:00:00', 'c1cc79dc-5e1f-4a68-b56b-a7481a1dc96e', NULL),
('af444379-a7d9-4aff-84e3-e442891aefa5', 'fbd6304f-d8c8-4581-bba0-75eb09b1bdbf', '2024-10-08 07:00:00', '2024-10-08 17:00:00', '04879527-055f-4766-b412-f67fd6f22dcf', NULL),
('b341da5d-3e9b-4a2d-8c1e-15054a7f871a', '5a18f49c-4e5d-4f23-9f0b-3b52237316c2', '2024-04-03 12:15:00', '2024-04-03 17:00:00', '2c492d27-dc29-4b6d-944a-367e90a7e899', NULL),
('b3b193cc-22fb-4722-8fc5-ceabdd3456ca', '17e6ad1b-df3f-41f2-a173-43eab1442210', '2024-10-15 07:00:00', '2024-10-15 17:00:00', '372fa62b-b1eb-45ea-a8f6-dc2ce2b69de8', NULL),
('b519586a-e73d-4850-861c-f8cef2afb00d', 'a92f4064-b4b2-4e60-89b0-45e98ba50143', '2024-10-15 07:00:00', '2024-10-15 17:00:00', 'aac24649-9be6-4f47-a7a1-1670471a17c1', NULL),
('b54adb4a-8898-4e9b-b9cf-c458ed57adbe', '54b988e5-33ff-4266-899e-fcf54a55fe05', '2024-04-30 07:00:00', '2024-04-30 17:00:00', '1a695850-83cf-4aac-bacf-b54566fe63fd', NULL),
('b7fa4eb7-0c1e-4629-bb0f-fb8e3d75abd3', '99aee0b8-d141-4840-b573-9fc1cd9fc379', '2024-04-29 07:00:00', '2024-04-29 17:00:00', '1a695850-83cf-4aac-bacf-b54566fe63fd', NULL),
('b94148c2-351f-498c-a235-a13dc13c9298', 'a43e709c-97d9-443d-85f5-8b7d1f8b9532', '2024-07-18 07:00:00', '2024-07-18 17:00:00', 'e81740aa-8231-42eb-a6e2-f08c89bb9b20', NULL),
('ba8b06ac-faa1-4828-8b49-551b0bc4dd8e', '22f98b7c-cde3-4bfe-a284-f9453842f8f6', '2024-09-05 07:00:00', '2024-09-05 17:00:00', 'eda3b026-4fab-472a-a0d5-40d242c8a0f2', NULL),
('bda9303c-a78d-4d9c-bb69-6c982147f590', 'fd5a7d30-3206-4c89-b3c1-ee174d09c6aa', '2024-10-16 07:00:00', '2024-10-16 10:15:00', '9672e965-93bf-4dfb-b3e0-10bb53fe241d', NULL),
('be212897-2e6a-481f-9afd-0d7cd5587604', '2a6cdca5-a4b1-4acc-bc15-fc00197c263d', '2024-10-14 07:00:00', '2024-10-14 17:00:00', '9672e965-93bf-4dfb-b3e0-10bb53fe241d', NULL),
('c3644561-a6f1-4975-b950-86e9f77d4afc', '38d99248-9e76-4d0c-86f0-43791395587d', '2025-04-10 07:00:00', '2025-04-10 17:00:00', 'c49aa559-9c98-42c8-9c7e-a83d2471c984', NULL),
('c658ba2b-aa4d-40be-9b6d-a71826605bbc', '0d072ca0-5d31-4d3c-89db-c8ae1bbba034', '2024-09-05 07:00:00', '2024-09-05 17:00:00', '4b75e344-868a-4646-889c-06b0046fce2d', NULL),
('c8943687-cc28-46b4-8f8b-a9f7d08caa95', 'd64bc162-0275-4306-8856-f90e6c8fbf28', '2024-04-09 07:00:00', '2024-04-10 17:00:00', '2c492d27-dc29-4b6d-944a-367e90a7e899', '2024-04-08 08:06:21'),
('cc9cdc92-9bef-4b3c-8f0c-37b763446667', '2100368b-a939-40ba-9c72-7d9a89b91bfe', '2024-08-23 07:00:00', '2024-08-23 17:00:00', '06de7e5d-39ca-4cca-8f8d-1ae2fb86d63b', NULL),
('cef9d030-02dd-4683-bedc-83fed4e2e762', '46b5794c-6913-49df-b4b5-dc8d9dd44057', '2024-08-23 07:00:00', '2024-08-23 17:00:00', 'c1cc79dc-5e1f-4a68-b56b-a7481a1dc96e', NULL),
('cfbf5b8e-bb12-4ed5-a758-c5d2e3800398', '314d1db6-3451-445a-8985-5da3d01a85d3', '2024-09-05 07:00:00', '2024-09-05 17:00:00', 'cd230e4a-0531-43a9-a518-e9a1b848c545', NULL),
('d0a8d9a4-2e09-4964-b38e-52230d011820', '1294ae1c-82ee-4fbb-8c43-d96ab2a9b5e5', '2024-08-21 12:30:00', '2024-08-21 17:00:00', 'a2423782-327e-4e02-96ce-04f615dd2ebb', NULL),
('d2986001-37ba-4666-93bc-dc0281b005f6', '682c6ab6-cb17-4200-b684-e93a571ab1bc', '2025-04-10 07:00:00', '2025-04-10 17:00:00', 'a4c06a64-cb3f-4df9-924a-e43230432008', NULL),
('d316f477-3cd8-4de2-b29f-ffd565e8c931', '9b31aaf0-db70-4a58-b6c1-6805833eeaa9', '2025-04-09 07:00:00', '2025-04-09 17:00:00', 'a9d5a632-c520-4529-9718-fdbe206360e4', NULL),
('d77fe066-c58e-4f00-8ec0-02a423d241ff', '6509a466-0f88-46fc-a72b-68e581dfa2d1', '2024-10-07 12:30:00', '2024-10-07 17:00:00', '1855491d-b458-41ae-b9b8-240b2c03617b', NULL),
('de566167-1f4f-44b3-aa77-e98982a0240d', '9fbd0510-0acf-4bed-89d3-682db7f7b519', '2024-09-04 12:30:00', '2024-09-04 17:00:00', 'c3c1c4b8-325e-4b1e-8c09-d5836b108f0c', NULL),
('e20a7be9-5cea-451b-be3d-b247d805ed99', 'e2690f07-dbc7-4f46-a2cb-87658ad96b7e', '2024-09-05 07:00:00', '2024-09-05 17:00:00', 'c3c1c4b8-325e-4b1e-8c09-d5836b108f0c', NULL),
('e2880c78-1367-4885-b14f-3f507ca8a97b', '07f4c12f-9138-4bce-99df-4fea2abea383', '2024-06-04 07:00:00', '2024-06-05 10:30:00', '70be2749-0578-4107-8997-e072462f0dc1', NULL),
('e3885d8a-751d-40b6-bb09-8b1bfe9fb990', 'd4160710-b7d1-41c5-9eb0-689fcfa35b2d', '2024-09-06 07:00:00', '2024-09-06 17:00:00', '4b75e344-868a-4646-889c-06b0046fce2d', NULL),
('e3b19575-78b2-45c7-81ad-cf7271e874a6', '706596f2-4f49-478e-a2d7-ca5a9936d134', '2025-04-10 07:00:00', '2025-04-10 17:00:00', 'a9d5a632-c520-4529-9718-fdbe206360e4', NULL),
('e51e9da3-d486-4f0c-81b4-8084085e4fa3', '73ea860c-fe19-42bd-be17-04f2bfd60665', '2024-10-16 07:00:00', '2024-10-16 10:15:00', '372fa62b-b1eb-45ea-a8f6-dc2ce2b69de8', NULL),
('e720e8fa-cdaa-4cbf-89d4-6bfbadaac2a7', '4bbabd4a-7768-4270-9fc3-306ea4837645', '2024-08-21 12:30:00', '2024-08-21 17:00:00', 'd4aee1d9-928c-4c01-848d-5b05fb6a8e24', NULL),
('eae3d6e7-8301-40f3-99b8-09ac4a8252ee', 'f3a5a697-56f2-4091-8dc6-99b95584510d', '2024-10-16 07:00:00', '2024-10-16 10:15:00', '3e77175f-d321-49b4-907f-604952202330', NULL),
('ec96944f-cac9-4f6f-b868-316bdc486037', 'fa6ccd5c-3134-40c7-8f91-625295b05b96', '2024-10-08 07:00:00', '2024-10-08 17:00:00', '140be3a7-e1c3-4497-9394-e0a5dd7c9cd9', NULL),
('ee36386f-fca2-4cbe-b985-24dc1a4dfea8', '544bcb54-adb6-4b04-9274-e5828860cbf8', '2024-09-04 12:30:00', '2024-09-04 17:00:00', 'c3c1c4b8-325e-4b1e-8c09-d5836b108f0c', NULL),
('ef7772d3-1898-499e-8f0f-a26ef73d3637', '92c14d58-502d-42b8-8f5f-d97ccec9e3e7', '2024-10-14 07:00:00', '2024-10-14 17:00:00', '372fa62b-b1eb-45ea-a8f6-dc2ce2b69de8', NULL),
('f852a5b3-9d8f-4fcc-a645-6e5fffa52eeb', '2fdde723-247a-4ab3-972e-1f2917cf6d41', '2024-10-08 07:00:00', '2024-10-08 17:00:00', '1855491d-b458-41ae-b9b8-240b2c03617b', NULL),
('f964ae9d-c0c4-4a89-ae25-2ae308ce15c4', 'ad542102-87ff-4b94-9d66-0361864d684a', '2024-07-18 07:00:00', '2024-07-18 17:00:00', 'e7799393-6102-4cde-8e1d-2e7f96e8f3a4', NULL),
('fb5a8f0d-4a38-42d6-b95a-cbf5472243b3', '647592b2-3514-490e-90f3-3d8b6e4504f0', '2024-10-14 07:00:00', '2024-10-14 17:00:00', '372fa62b-b1eb-45ea-a8f6-dc2ce2b69de8', NULL),
('fc756cc4-859b-4364-abc9-20dd83569b63', '6763ad8b-db25-4405-b85c-07738bb77916', '2024-10-14 07:00:00', '2024-10-14 17:00:00', 'bce97679-e307-4560-956e-703cc71e211d', NULL);

INSERT INTO `veranstaltung` (`id`, `name`, `kennung`, `erlaube_fremdausweis`, `fremdausweis_bestaetigen`, `ein_ausgehende_buchungen`, `mehrfach_buchungen`, `archiv`) VALUES
('04879527-055f-4766-b412-f67fd6f22dcf', 'MAINF23aA Betriebssysteme', 'mainf23aa-os', 0, 0, 0, 0, 0),
('05d952fa-9ca3-4dc2-a303-346c2288373e', 'MWGES22oA Finanzbuchhaltung', 'mwges22oa-fa', 1, 1, 1, 1, 0),
('06de7e5d-39ca-4cca-8f8d-1ae2fb86d63b', 'MAINF23aA Netzwerke', 'mainf23aa-nw', 1, 1, 1, 1, 0),
('10a9d702-585d-4205-9e79-18fede6d88db', 'MWJUR22oA Strafrecht', 'mwjur22oa-wc', 1, 1, 1, 1, 0),
('140be3a7-e1c3-4497-9394-e0a5dd7c9cd9', 'MWGES22oA Marketing', 'mwges22oa-mk', 1, 1, 1, 1, 0),
('1855491d-b458-41ae-b9b8-240b2c03617b', 'MWMED22oA Epidemiologie', 'mwmed22oa-ep', 1, 1, 1, 1, 0),
('1a695850-83cf-4aac-bacf-b54566fe63fd', 'MWINF21oA Mathematik', 'mwinf21oa-ma', 0, 0, 1, 0, 0),
('2c492d27-dc29-4b6d-944a-367e90a7e899', 'MWINF21oA Softwareengineering', 'mwinf21oa-se', 1, 1, 1, 1, 0),
('372fa62b-b1eb-45ea-a8f6-dc2ce2b69de8', 'MAINF23aA Grundlagen Informatik', 'mainf23aa-gi', 1, 1, 1, 1, 0),
('3e77175f-d321-49b4-907f-604952202330', 'MAINF23aA Softwareentwicklung', 'mainf23aa-sw', 1, 1, 1, 1, 0),
('4b75e344-868a-4646-889c-06b0046fce2d', 'MWGES22oA Medizinische Informatik', 'mwges22oa-hi', 1, 1, 1, 1, 0),
('70be2749-0578-4107-8997-e072462f0dc1', 'MWINF21oA IT-Recht', 'mwinf21oa-itr', 1, 1, 1, 1, 0),
('72a3a95f-e201-4579-84c6-5a9790ea386c', 'MWGES22oA Personalmanagement', 'mwges22oa-hrm', 1, 1, 1, 1, 0),
('9672e965-93bf-4dfb-b3e0-10bb53fe241d', 'MAINF23aA Computergrafik', 'mainf23aa-cg', 1, 1, 1, 1, 0),
('a2423782-327e-4e02-96ce-04f615dd2ebb', 'MAINF23aA Datenbank Management', 'mainf23aa-db', 1, 1, 1, 1, 0),
('a4c06a64-cb3f-4df9-924a-e43230432008', 'MWGES22oA Grundlagen der Metriebswirtschaftslehre', 'mwges22oa-opm', 1, 1, 1, 1, 0),
('a9d5a632-c520-4529-9718-fdbe206360e4', 'MAINF23aA Künstliche Intelligenz', 'mainf23aa-ai', 1, 1, 1, 1, 0),
('aac24649-9be6-4f47-a7a1-1670471a17c1', 'MWJUR22oA Wirtschaftsrecht', 'mwjur22oa-ba', 1, 1, 1, 1, 0),
('bce97679-e307-4560-956e-703cc71e211d', 'MWMED22oA Medizinische Onkologie', 'mwmed22oa-mo', 1, 1, 1, 1, 0),
('c1cc79dc-5e1f-4a68-b56b-a7481a1dc96e', 'MWMED22oA Klinische Pharmazie', 'mwmed22oa-cp', 1, 1, 1, 1, 0),
('c3c1c4b8-325e-4b1e-8c09-d5836b108f0c', 'MAINF23aA Wissenschaftliches Arbeiten', 'mainf23aa-wa', 1, 1, 1, 1, 0),
('c49aa559-9c98-42c8-9c7e-a83d2471c984', 'MWMED22oA Pharmazie', 'mwmed22oa-pm', 1, 1, 1, 1, 0),
('cd230e4a-0531-43a9-a518-e9a1b848c545', 'MWGES22oA Ethik', 'mwges22oa-et', 1, 1, 1, 1, 0),
('d4aee1d9-928c-4c01-848d-5b05fb6a8e24', 'MWGES22oA Projekt Management', 'mwges22oa-mp', 1, 1, 1, 1, 0),
('d76bdb0d-1e8d-4157-b096-714a8d7891f3', 'MWJUR22oA Einführung Wirtschaftsrecht', 'mwjur22oa-ewr', 1, 1, 1, 1, 0),
('e22af266-2a4e-4193-8df5-4c388b2d0d9a', 'MWGES22oA Grundlagen der Verkaufstechnik', 'mwges22oa-st', 1, 1, 1, 1, 0),
('e4e0e5b9-aa01-435f-8b9a-9c5d0ec28b07', 'MWGES22oA Strategisches Management', 'mwges22oa-su', 1, 1, 1, 1, 0),
('e7799393-6102-4cde-8e1d-2e7f96e8f3a4', 'MWINF21oA Softwaretest', 'mwinf21oa-st', 1, 1, 1, 1, 0),
('e81740aa-8231-42eb-a6e2-f08c89bb9b20', 'MWINF21oA Strategische Unternehmensführung', 'mwinf21oa-su', 1, 1, 1, 1, 0),
('eda3b026-4fab-472a-a0d5-40d242c8a0f2', 'MWINF21oA Wissenschaftliches Arbeiten', 'mwinf21oa-wa', 1, 1, 1, 1, 0);



/*!40101 SET SQL_MODE=@OLD_SQL_MODE */;
/*!40014 SET FOREIGN_KEY_CHECKS=@OLD_FOREIGN_KEY_CHECKS */;
/*!40014 SET UNIQUE_CHECKS=@OLD_UNIQUE_CHECKS */;
/*!40101 SET CHARACTER_SET_CLIENT=@OLD_CHARACTER_SET_CLIENT */;
/*!40101 SET CHARACTER_SET_RESULTS=@OLD_CHARACTER_SET_RESULTS */;
/*!40101 SET COLLATION_CONNECTION=@OLD_COLLATION_CONNECTION */;
/*!40111 SET SQL_NOTES=@OLD_SQL_NOTES */;